r,count_on_policy,count_off_policy,expression,traversal,nmse_test,nmse_test_noiseless,success
0.709605019397447,0,1,[x1*(x1**2*log((2*x1 + exp(x1*(-x1*(-x1 + log((2*x1 + exp(x1*(-x1 + cos(x1 + log(x1 + exp(x1**2 + exp(x1**3 + exp(x1**2))))))))/x1)) + x1*(x1 + exp(x1*(-x1*(-x1 + log((2*x1 + exp(x1*(-x1 + cos(2*x1 + exp(x1**2 + exp(x1**3 + exp(x1**2)))))))/x1)) + x1*(x1**2 + x1)*cos(2*x1 + exp(x1**2*(x1 + exp(x1**3 + exp(x1**2))) + exp(x1**2))) - x1)))*cos(2*x1 + exp(x1**3 + exp(x1**2))) - x1)))/x1) + x1) + x1],"add,mul,add,mul,mul,log,div,add,add,exp,mul,sub,mul,cos,add,add,exp,add,exp,mul,x1,x1,mul,mul,x1,x1,x1,x1,x1,mul,add,exp,mul,sub,mul,cos,add,add,exp,add,exp,mul,x1,x1,mul,mul,x1,x1,add,exp,add,exp,mul,x1,x1,mul,mul,x1,x1,x1,x1,x1,x1,mul,add,mul,x1,x1,x1,x1,add,mul,sub,log,div,add,add,exp,mul,sub,cos,add,add,exp,add,exp,add,exp,mul,x1,x1,mul,mul,x1,x1,x1,mul,x1,x1,x1,x1,x1,x1,x1,x1,x1,x1,x1,x1,x1,x1,x1,add,mul,sub,log,div,add,add,exp,mul,sub,cos,add,log,add,exp,add,exp,add,exp,mul,x1,x1,mul,mul,x1,x1,x1,mul,x1,x1,x1,x1,x1,x1,x1,x1,x1,x1,x1,x1,x1,x1,x1,x1,x1,x1,x1,x1,x1",0.16747302050388094,0.16747302050388094,False
0.709605019397447,0,1,[x1*(x1**2*log((2*x1 + exp(x1*(-x1*(-x1 + log((2*x1 + exp(x1*(-x1 + cos(x1 + log(x1 + exp(x1**2 + exp(x1**3 + exp(x1**2))))))))/x1)) + x1*(x1 + exp(x1*(-x1*(-x1 + log((2*x1 + exp(x1*(-x1 + cos(2*x1 + exp(x1**2 + exp(x1**3 + exp(x1**2)))))))/x1)) + x1*(x1**2 + x1)*cos(2*x1 + exp(x1**2*(x1 + exp(x1**3 + exp(x1**2))) + exp(x1**2))) - x1)))*cos(2*x1 + exp(x1**3 + exp(x1**2))) - x1)))/x1) + x1) + x1],"add,mul,add,mul,mul,log,div,add,add,exp,mul,sub,mul,cos,add,add,exp,add,exp,mul,x1,x1,mul,mul,x1,x1,x1,x1,x1,mul,add,exp,mul,sub,mul,cos,add,add,exp,add,exp,mul,x1,x1,mul,mul,x1,x1,add,exp,add,exp,mul,x1,x1,mul,mul,x1,x1,x1,x1,x1,x1,mul,add,mul,x1,x1,x1,x1,add,mul,sub,log,div,add,add,exp,mul,sub,cos,add,add,exp,add,exp,add,exp,mul,x1,x1,mul,mul,x1,x1,x1,mul,x1,x1,x1,x1,x1,x1,x1,x1,x1,x1,x1,x1,x1,x1,x1,add,mul,sub,log,div,add,add,exp,mul,sub,cos,add,log,add,exp,add,exp,add,exp,mul,x1,x1,mul,mul,x1,x1,x1,mul,x1,x1,x1,x1,x1,x1,x1,x1,x1,x1,x1,x1,x1,x1,x1,x1,x1,x1,x1,x1,x1",0.16747302050388094,0.16747302050388094,False
0.7093475499769769,0,1,[x1*(x1**2*log((2*x1 + exp(x1*(-x1*(-x1 + log((2*x1 + exp(x1*(-x1 + cos((x1 + exp(x1**2 + exp(x1**3 + exp(x1**2))))*exp(x1)))))/x1)) + x1*(x1 + exp(x1*(-x1*(-x1 + log((2*x1 + exp(x1*(-x1 + cos(x1 + log(x1 + exp(x1 + exp(x1**3 + exp(x1**2))))))))/x1)) + x1*(x1**2 + x1)*cos(2*x1 + exp(x1**2*(x1 + exp(x1**3 + exp(x1**2))) + exp(x1**2))) - x1)))*cos(2*x1 + exp(x1**3 + exp(x1**2))) - x1)))/x1) + x1) + x1],"add,mul,add,mul,mul,log,div,add,add,exp,mul,sub,mul,cos,add,add,exp,add,exp,mul,x1,x1,mul,mul,x1,x1,x1,x1,x1,mul,add,exp,mul,sub,mul,cos,add,add,exp,add,exp,mul,x1,x1,mul,mul,x1,x1,add,exp,add,exp,mul,x1,x1,mul,mul,x1,x1,x1,x1,x1,x1,mul,add,mul,x1,x1,x1,x1,add,mul,sub,log,div,add,add,exp,mul,sub,cos,add,log,add,exp,add,exp,add,exp,mul,x1,x1,mul,mul,x1,x1,x1,x1,x1,x1,x1,x1,x1,x1,x1,x1,x1,x1,x1,x1,x1,add,mul,sub,log,div,add,add,exp,mul,sub,cos,exp,add,log,add,exp,add,exp,add,exp,mul,x1,x1,mul,mul,x1,x1,x1,mul,x1,x1,x1,x1,x1,x1,x1,x1,x1,x1,x1,x1,x1,x1,x1,x1,x1,x1,x1,x1,x1",0.16789193332727922,0.16789193332727922,False
0.7093475499769769,0,1,[x1*(x1**2*log((2*x1 + exp(x1*(-x1*(-x1 + log((2*x1 + exp(x1*(-x1 + cos((x1 + exp(x1**2 + exp(x1**3 + exp(x1**2))))*exp(x1)))))/x1)) + x1*(x1 + exp(x1*(-x1*(-x1 + log((2*x1 + exp(x1*(-x1 + cos(x1 + log(x1 + exp(x1 + exp(x1**3 + exp(x1**2))))))))/x1)) + x1*(x1**2 + x1)*cos(2*x1 + exp(x1**2*(x1 + exp(x1**3 + exp(x1**2))) + exp(x1**2))) - x1)))*cos(2*x1 + exp(x1**3 + exp(x1**2))) - x1)))/x1) + x1) + x1],"add,mul,add,mul,mul,log,div,add,add,exp,mul,sub,mul,cos,add,add,exp,add,exp,mul,x1,x1,mul,mul,x1,x1,x1,x1,x1,mul,add,exp,mul,sub,mul,cos,add,add,exp,add,exp,mul,x1,x1,mul,mul,x1,x1,add,exp,add,exp,mul,x1,x1,mul,mul,x1,x1,x1,x1,x1,x1,mul,add,mul,x1,x1,x1,x1,add,mul,sub,log,div,add,add,exp,mul,sub,cos,add,log,add,exp,add,exp,add,exp,mul,x1,x1,mul,mul,x1,x1,x1,x1,x1,x1,x1,x1,x1,x1,x1,x1,x1,x1,x1,x1,x1,add,mul,sub,log,div,add,add,exp,mul,sub,cos,exp,add,log,add,exp,add,exp,add,exp,mul,x1,x1,mul,mul,x1,x1,x1,mul,x1,x1,x1,x1,x1,x1,x1,x1,x1,x1,x1,x1,x1,x1,x1,x1,x1,x1,x1,x1,x1",0.16789193332727922,0.16789193332727922,False
0.7090602784112963,0,1,[x1*(x1**2*log((2*x1 + exp(x1*(-x1*(-x1 + log((2*x1 + exp(x1*(-x1 + cos((x1 + exp(x1**2 + exp(x1**3 + exp(x1**2))))*exp(x1)))))/x1)) + x1*(exp(x1*(-x1*(-x1 + log((2*x1 + exp(x1*(-x1 + cos(x1 + log(x1 + exp(x1))))))/x1)) + x1*(x1**2 + x1)*cos(2*x1 + exp(x1**2*(x1 + exp(x1**3 + exp(x1**2))) + exp(x1**2))) - x1)) + sin(x1))*cos(2*x1 + exp(x1**3 + exp(x1**2))) - x1)))/x1) + x1) + x1],"add,mul,add,mul,mul,log,div,add,add,exp,mul,sub,mul,cos,add,add,exp,add,exp,mul,x1,x1,mul,mul,x1,x1,x1,x1,x1,mul,add,exp,mul,sub,mul,cos,add,add,exp,add,exp,mul,x1,x1,mul,mul,x1,x1,add,exp,add,exp,mul,x1,x1,mul,mul,x1,x1,x1,x1,x1,x1,mul,add,mul,x1,x1,x1,x1,add,mul,sub,log,div,add,add,exp,mul,sub,cos,add,log,add,exp,x1,x1,x1,x1,x1,x1,x1,x1,x1,x1,x1,x1,sin,x1,x1,add,mul,sub,log,div,add,add,exp,mul,sub,cos,exp,add,log,add,exp,add,exp,add,exp,mul,x1,x1,mul,mul,x1,x1,x1,mul,x1,x1,x1,x1,x1,x1,x1,x1,x1,x1,x1,x1,x1,x1,x1,x1,x1,x1,x1,x1,x1",0.16836031285141168,0.16836031285141168,False
0.7090602784112963,0,1,[x1*(x1**2*log((2*x1 + exp(x1*(-x1*(-x1 + log((2*x1 + exp(x1*(-x1 + cos((x1 + exp(x1**2 + exp(x1**3 + exp(x1**2))))*exp(x1)))))/x1)) + x1*(exp(x1*(-x1*(-x1 + log((2*x1 + exp(x1*(-x1 + cos(x1 + log(x1 + exp(x1))))))/x1)) + x1*(x1**2 + x1)*cos(2*x1 + exp(x1**2*(x1 + exp(x1**3 + exp(x1**2))) + exp(x1**2))) - x1)) + sin(x1))*cos(2*x1 + exp(x1**3 + exp(x1**2))) - x1)))/x1) + x1) + x1],"add,mul,add,mul,mul,log,div,add,add,exp,mul,sub,mul,cos,add,add,exp,add,exp,mul,x1,x1,mul,mul,x1,x1,x1,x1,x1,mul,add,exp,mul,sub,mul,cos,add,add,exp,add,exp,mul,x1,x1,mul,mul,x1,x1,add,exp,add,exp,mul,x1,x1,mul,mul,x1,x1,x1,x1,x1,x1,mul,add,mul,x1,x1,x1,x1,add,mul,sub,log,div,add,add,exp,mul,sub,cos,add,log,add,exp,x1,x1,x1,x1,x1,x1,x1,x1,x1,x1,x1,x1,sin,x1,x1,add,mul,sub,log,div,add,add,exp,mul,sub,cos,exp,add,log,add,exp,add,exp,add,exp,mul,x1,x1,mul,mul,x1,x1,x1,mul,x1,x1,x1,x1,x1,x1,x1,x1,x1,x1,x1,x1,x1,x1,x1,x1,x1,x1,x1,x1,x1",0.16836031285141168,0.16836031285141168,False
0.7089847600740401,0,1,[x1*(x1**2*log((2*x1 + exp(x1*(-x1*(-x1 + log((2*x1 + exp(x1*(-x1 + cos(x1 + log(x1 + exp(x1**2 + exp(x1**3 + exp(x1**2))))))))/x1)) + x1*(x1 + exp(x1*(-x1*(-x1 + log(2*x1 + exp(x1*(-x1 + cos(x1 + log(x1 + exp(x1**2 + exp(x1**3 + exp(x1**2))))))))) + x1*(x1**2 + x1)*cos(2*x1 + exp(x1**2*(x1 + exp(x1**3 + exp(x1**2))) + exp(x1**2))) - x1)))*cos(2*x1 + exp(x1**3 + exp(x1**2))) - x1)))/x1) + x1) + x1],"add,mul,add,mul,mul,log,div,add,add,exp,mul,sub,mul,cos,add,add,exp,add,exp,mul,x1,x1,mul,mul,x1,x1,x1,x1,x1,mul,add,exp,mul,sub,mul,cos,add,add,exp,add,exp,mul,x1,x1,mul,mul,x1,x1,add,exp,add,exp,mul,x1,x1,mul,mul,x1,x1,x1,x1,x1,x1,mul,add,mul,x1,x1,x1,x1,add,mul,sub,log,div,mul,x1,add,add,exp,mul,sub,cos,add,log,add,exp,add,exp,add,exp,mul,x1,x1,mul,mul,x1,x1,x1,mul,x1,x1,x1,x1,x1,x1,x1,x1,x1,x1,x1,x1,x1,x1,x1,add,mul,sub,log,div,add,add,exp,mul,sub,cos,add,log,add,exp,add,exp,add,exp,mul,x1,x1,mul,mul,x1,x1,x1,mul,x1,x1,x1,x1,x1,x1,x1,x1,x1,x1,x1,x1,x1,x1,x1,x1,x1,x1,x1,x1,x1",0.1684836124642149,0.1684836124642149,False
0.7089847600740401,0,1,[x1*(x1**2*log((2*x1 + exp(x1*(-x1*(-x1 + log((2*x1 + exp(x1*(-x1 + cos(x1 + log(x1 + exp(x1**2 + exp(x1**3 + exp(x1**2))))))))/x1)) + x1*(x1 + exp(x1*(-x1*(-x1 + log(2*x1 + exp(x1*(-x1 + cos(x1 + log(x1 + exp(x1**2 + exp(x1**3 + exp(x1**2))))))))) + x1*(x1**2 + x1)*cos(2*x1 + exp(x1**2*(x1 + exp(x1**3 + exp(x1**2))) + exp(x1**2))) - x1)))*cos(2*x1 + exp(x1**3 + exp(x1**2))) - x1)))/x1) + x1) + x1],"add,mul,add,mul,mul,log,div,add,add,exp,mul,sub,mul,cos,add,add,exp,add,exp,mul,x1,x1,mul,mul,x1,x1,x1,x1,x1,mul,add,exp,mul,sub,mul,cos,add,add,exp,add,exp,mul,x1,x1,mul,mul,x1,x1,add,exp,add,exp,mul,x1,x1,mul,mul,x1,x1,x1,x1,x1,x1,mul,add,mul,x1,x1,x1,x1,add,mul,sub,log,div,mul,x1,add,add,exp,mul,sub,cos,add,log,add,exp,add,exp,add,exp,mul,x1,x1,mul,mul,x1,x1,x1,mul,x1,x1,x1,x1,x1,x1,x1,x1,x1,x1,x1,x1,x1,x1,x1,add,mul,sub,log,div,add,add,exp,mul,sub,cos,add,log,add,exp,add,exp,add,exp,mul,x1,x1,mul,mul,x1,x1,x1,mul,x1,x1,x1,x1,x1,x1,x1,x1,x1,x1,x1,x1,x1,x1,x1,x1,x1,x1,x1,x1,x1",0.1684836124642149,0.1684836124642149,False
0.7088930304077783,0,1,[x1*(x1**2*log((2*x1 + exp(x1*(-x1*(-x1 + log((2*x1 + exp(x1*(-x1 + cos(x1 + log(x1 + exp(x1**2 + exp(x1**3 + exp(x1**2))))))))/x1)) + x1*(x1 + exp(x1*(-x1*(-x1 + log((2*x1 + exp(x1*(-x1 + cos(x1 + log(x1 + exp(x1**2 + exp(x1**3 + exp(x1**2))))))))/x1)) + x1*(x1**2 + x1)*cos(2*x1 + exp(x1**2*(x1 + exp(x1**3 + exp(x1**2))) + exp(x1**2))) - x1)))*cos(2*x1 + exp(x1**3 + exp(x1**2))) - x1)))/x1) + x1) + x1],"add,mul,add,mul,mul,log,div,add,add,exp,mul,sub,mul,cos,add,add,exp,add,exp,mul,x1,x1,mul,mul,x1,x1,x1,x1,x1,mul,add,exp,mul,sub,mul,cos,add,add,exp,add,exp,mul,x1,x1,mul,mul,x1,x1,add,exp,add,exp,mul,x1,x1,mul,mul,x1,x1,x1,x1,x1,x1,mul,add,mul,x1,x1,x1,x1,add,mul,sub,log,div,add,add,exp,mul,sub,cos,add,log,add,exp,add,exp,add,exp,mul,x1,x1,mul,mul,x1,x1,x1,mul,x1,x1,x1,x1,x1,x1,x1,x1,x1,x1,x1,x1,x1,x1,x1,add,mul,sub,log,div,add,add,exp,mul,sub,cos,add,log,add,exp,add,exp,add,exp,mul,x1,x1,mul,mul,x1,x1,x1,mul,x1,x1,x1,x1,x1,x1,x1,x1,x1,x1,x1,x1,x1,x1,x1,x1,x1,x1,x1,x1,x1",0.16863347655325292,0.16863347655325292,False
0.7088930304077783,0,1,[x1*(x1**2*log((2*x1 + exp(x1*(-x1*(-x1 + log((2*x1 + exp(x1*(-x1 + cos(x1 + log(x1 + exp(x1**2 + exp(x1**3 + exp(x1**2))))))))/x1)) + x1*(x1 + exp(x1*(-x1*(-x1 + log((2*x1 + exp(x1*(-x1 + cos(x1 + log(x1 + exp(x1**2 + exp(x1**3 + exp(x1**2))))))))/x1)) + x1*(x1**2 + x1)*cos(2*x1 + exp(x1**2*(x1 + exp(x1**3 + exp(x1**2))) + exp(x1**2))) - x1)))*cos(2*x1 + exp(x1**3 + exp(x1**2))) - x1)))/x1) + x1) + x1],"add,mul,add,mul,mul,log,div,add,add,exp,mul,sub,mul,cos,add,add,exp,add,exp,mul,x1,x1,mul,mul,x1,x1,x1,x1,x1,mul,add,exp,mul,sub,mul,cos,add,add,exp,add,exp,mul,x1,x1,mul,mul,x1,x1,add,exp,add,exp,mul,x1,x1,mul,mul,x1,x1,x1,x1,x1,x1,mul,add,mul,x1,x1,x1,x1,add,mul,sub,log,div,add,add,exp,mul,sub,cos,add,log,add,exp,add,exp,add,exp,mul,x1,x1,mul,mul,x1,x1,x1,mul,x1,x1,x1,x1,x1,x1,x1,x1,x1,x1,x1,x1,x1,x1,x1,add,mul,sub,log,div,add,add,exp,mul,sub,cos,add,log,add,exp,add,exp,add,exp,mul,x1,x1,mul,mul,x1,x1,x1,mul,x1,x1,x1,x1,x1,x1,x1,x1,x1,x1,x1,x1,x1,x1,x1,x1,x1,x1,x1,x1,x1",0.16863347655325292,0.16863347655325292,False
0.708851673740392,0,1,[x1*(x1**2*log((2*x1 + exp(x1*(-x1*(-x1 + log((2*x1 + exp(x1*(-x1 + cos(x1 + log(x1 + exp(x1**2 + exp(x1**3 + exp(x1**2))))))))/x1)) + x1*(x1 + exp(x1*(-x1*(-x1 + log((x1**2 + 2*x1)/x1)) + x1*(x1**2 + x1)*cos(2*x1 + exp(x1**2*(x1 + exp(x1**3 + exp(x1**2))) + exp(x1**2))) - x1)))*cos(2*x1 + exp(x1**3 + exp(x1**2))) - x1)))/x1) + x1) + x1],"add,mul,add,mul,mul,log,div,add,add,exp,mul,sub,mul,cos,add,add,exp,add,exp,mul,x1,x1,mul,mul,x1,x1,x1,x1,x1,mul,add,exp,mul,sub,mul,cos,add,add,exp,add,exp,mul,x1,x1,mul,mul,x1,x1,add,exp,add,exp,mul,x1,x1,mul,mul,x1,x1,x1,x1,x1,x1,mul,add,mul,x1,x1,x1,x1,add,mul,sub,log,div,add,add,mul,x1,x1,x1,x1,x1,x1,x1,x1,x1,x1,x1,add,mul,sub,log,div,add,add,exp,mul,sub,cos,add,log,add,exp,add,exp,add,exp,mul,x1,x1,mul,mul,x1,x1,x1,mul,x1,x1,x1,x1,x1,x1,x1,x1,x1,x1,x1,x1,x1,x1,x1,x1,x1,x1,x1,x1,x1",0.1687010778255839,0.1687010778255839,False
0.708851673740392,0,1,[x1*(x1**2*log((2*x1 + exp(x1*(-x1*(-x1 + log((2*x1 + exp(x1*(-x1 + cos(x1 + log(x1 + exp(x1**2 + exp(x1**3 + exp(x1**2))))))))/x1)) + x1*(x1 + exp(x1*(-x1*(-x1 + log((x1**2 + 2*x1)/x1)) + x1*(x1**2 + x1)*cos(2*x1 + exp(x1**2*(x1 + exp(x1**3 + exp(x1**2))) + exp(x1**2))) - x1)))*cos(2*x1 + exp(x1**3 + exp(x1**2))) - x1)))/x1) + x1) + x1],"add,mul,add,mul,mul,log,div,add,add,exp,mul,sub,mul,cos,add,add,exp,add,exp,mul,x1,x1,mul,mul,x1,x1,x1,x1,x1,mul,add,exp,mul,sub,mul,cos,add,add,exp,add,exp,mul,x1,x1,mul,mul,x1,x1,add,exp,add,exp,mul,x1,x1,mul,mul,x1,x1,x1,x1,x1,x1,mul,add,mul,x1,x1,x1,x1,add,mul,sub,log,div,add,add,mul,x1,x1,x1,x1,x1,x1,x1,x1,x1,x1,x1,add,mul,sub,log,div,add,add,exp,mul,sub,cos,add,log,add,exp,add,exp,add,exp,mul,x1,x1,mul,mul,x1,x1,x1,mul,x1,x1,x1,x1,x1,x1,x1,x1,x1,x1,x1,x1,x1,x1,x1,x1,x1,x1,x1,x1,x1",0.1687010778255839,0.1687010778255839,False
0.7088430494985372,0,1,[x1*(x1**2*log((2*x1 + exp(x1*(-x1*(-x1 + log((2*x1 + exp(x1*(-x1 + cos((x1 + exp(x1**2 + exp(x1**3 + exp(x1**2))))*exp(x1)))))/x1)) + x1*(x1 + exp(x1*(-x1*(-x1 + log((2*x1 + exp(x1*(-x1 + cos(x1 + log(x1 + exp(x1))))))/x1)) + x1*(x1**2 + x1)*cos(2*x1 + exp(x1**2*(x1 + exp(x1**3 + exp(x1**2))) + exp(x1**2))) - x1)))*cos(2*x1 + exp(x1**3 + exp(x1**2))) - x1)))/x1) + x1) + x1],"add,mul,add,mul,mul,log,div,add,add,exp,mul,sub,mul,cos,add,add,exp,add,exp,mul,x1,x1,mul,mul,x1,x1,x1,x1,x1,mul,add,exp,mul,sub,mul,cos,add,add,exp,add,exp,mul,x1,x1,mul,mul,x1,x1,add,exp,add,exp,mul,x1,x1,mul,mul,x1,x1,x1,x1,x1,x1,mul,add,mul,x1,x1,x1,x1,add,mul,sub,log,div,add,add,exp,mul,sub,cos,add,log,add,exp,x1,x1,x1,x1,x1,x1,x1,x1,x1,x1,x1,x1,x1,x1,add,mul,sub,log,div,add,add,exp,mul,sub,cos,exp,add,log,add,exp,add,exp,add,exp,mul,x1,x1,mul,mul,x1,x1,x1,mul,x1,x1,x1,x1,x1,x1,x1,x1,x1,x1,x1,x1,x1,x1,x1,x1,x1,x1,x1,x1,x1",0.16871517764242824,0.16871517764242824,False
0.7088430494985372,0,1,[x1*(x1**2*log((2*x1 + exp(x1*(-x1*(-x1 + log((2*x1 + exp(x1*(-x1 + cos((x1 + exp(x1**2 + exp(x1**3 + exp(x1**2))))*exp(x1)))))/x1)) + x1*(x1 + exp(x1*(-x1*(-x1 + log((2*x1 + exp(x1*(-x1 + cos(x1 + log(x1 + exp(x1))))))/x1)) + x1*(x1**2 + x1)*cos(2*x1 + exp(x1**2*(x1 + exp(x1**3 + exp(x1**2))) + exp(x1**2))) - x1)))*cos(2*x1 + exp(x1**3 + exp(x1**2))) - x1)))/x1) + x1) + x1],"add,mul,add,mul,mul,log,div,add,add,exp,mul,sub,mul,cos,add,add,exp,add,exp,mul,x1,x1,mul,mul,x1,x1,x1,x1,x1,mul,add,exp,mul,sub,mul,cos,add,add,exp,add,exp,mul,x1,x1,mul,mul,x1,x1,add,exp,add,exp,mul,x1,x1,mul,mul,x1,x1,x1,x1,x1,x1,mul,add,mul,x1,x1,x1,x1,add,mul,sub,log,div,add,add,exp,mul,sub,cos,add,log,add,exp,x1,x1,x1,x1,x1,x1,x1,x1,x1,x1,x1,x1,x1,x1,add,mul,sub,log,div,add,add,exp,mul,sub,cos,exp,add,log,add,exp,add,exp,add,exp,mul,x1,x1,mul,mul,x1,x1,x1,mul,x1,x1,x1,x1,x1,x1,x1,x1,x1,x1,x1,x1,x1,x1,x1,x1,x1,x1,x1,x1,x1",0.16871517764242824,0.16871517764242824,False
0.7087863244740791,0,1,[x1*(x1**2*log((2*x1 + exp(x1*(-x1*(-x1 + log(2)) + x1*(x1 + exp(x1*(-x1*(-x1 + log((2*x1 + exp(x1*(-x1 + cos(x1 + log(x1 + exp(x1**2 + exp(x1**3 + exp(x1**2))))))))/x1)) + x1*(x1**2 + x1)*cos(2*x1 + exp(x1**2*(x1 + exp(x1**3 + exp(x1**2))) + exp(x1**2))) - x1)))*cos(2*x1 + exp(x1**3 + exp(x1**2))) - x1)))/x1) + x1) + x1],"add,mul,add,mul,mul,log,div,add,add,exp,mul,sub,mul,cos,add,add,exp,add,exp,mul,x1,x1,mul,mul,x1,x1,x1,x1,x1,mul,add,exp,mul,sub,mul,cos,add,add,exp,add,exp,mul,x1,x1,mul,mul,x1,x1,add,exp,add,exp,mul,x1,x1,mul,mul,x1,x1,x1,x1,x1,x1,mul,add,mul,x1,x1,x1,x1,add,mul,sub,log,div,add,add,exp,mul,sub,cos,add,log,add,exp,add,exp,add,exp,mul,x1,x1,mul,mul,x1,x1,x1,mul,x1,x1,x1,x1,x1,x1,x1,x1,x1,x1,x1,x1,x1,x1,x1,add,mul,sub,log,div,add,x1,x1,x1,x1,x1,x1,x1,x1,x1,x1,x1,x1,x1,x1,x1",0.16880794090894224,0.16880794090894224,False
0.7087863244740791,0,1,[x1*(x1**2*log((2*x1 + exp(x1*(-x1*(-x1 + log(2)) + x1*(x1 + exp(x1*(-x1*(-x1 + log((2*x1 + exp(x1*(-x1 + cos(x1 + log(x1 + exp(x1**2 + exp(x1**3 + exp(x1**2))))))))/x1)) + x1*(x1**2 + x1)*cos(2*x1 + exp(x1**2*(x1 + exp(x1**3 + exp(x1**2))) + exp(x1**2))) - x1)))*cos(2*x1 + exp(x1**3 + exp(x1**2))) - x1)))/x1) + x1) + x1],"add,mul,add,mul,mul,log,div,add,add,exp,mul,sub,mul,cos,add,add,exp,add,exp,mul,x1,x1,mul,mul,x1,x1,x1,x1,x1,mul,add,exp,mul,sub,mul,cos,add,add,exp,add,exp,mul,x1,x1,mul,mul,x1,x1,add,exp,add,exp,mul,x1,x1,mul,mul,x1,x1,x1,x1,x1,x1,mul,add,mul,x1,x1,x1,x1,add,mul,sub,log,div,add,add,exp,mul,sub,cos,add,log,add,exp,add,exp,add,exp,mul,x1,x1,mul,mul,x1,x1,x1,mul,x1,x1,x1,x1,x1,x1,x1,x1,x1,x1,x1,x1,x1,x1,x1,add,mul,sub,log,div,add,x1,x1,x1,x1,x1,x1,x1,x1,x1,x1,x1,x1,x1,x1,x1",0.16880794090894224,0.16880794090894224,False
0.7087459633030068,0,1,[x1*(x1**2*log((2*x1 + exp(x1*(-x1*(-x1 + log((2*x1 + exp(x1*(-x1 + cos(x1 + log(x1 + exp(x1**2 + exp(x1**3 + exp(x1**2))))))))/x1)) + x1*(x1 + exp(x1*(-x1*(-x1 + log((2*x1 + exp(x1*(-x1 + cos(x1 + log(x1 + exp(x1))))))/x1)) + x1*(x1**2 + x1)*cos(2*x1 + exp(x1**2*(x1 + exp(x1**3 + exp(x1**2))) + exp(x1**2))) - x1)))*cos(2*x1 + exp(x1**3 + exp(x1**2))) - x1)))/x1) + x1) + x1],"add,mul,add,mul,mul,log,div,add,add,exp,mul,sub,mul,cos,add,add,exp,add,exp,mul,x1,x1,mul,mul,x1,x1,x1,x1,x1,mul,add,exp,mul,sub,mul,cos,add,add,exp,add,exp,mul,x1,x1,mul,mul,x1,x1,add,exp,add,exp,mul,x1,x1,mul,mul,x1,x1,x1,x1,x1,x1,mul,add,mul,x1,x1,x1,x1,add,mul,sub,log,div,add,add,exp,mul,sub,cos,add,log,add,exp,x1,x1,x1,x1,x1,x1,x1,x1,x1,x1,x1,x1,x1,x1,add,mul,sub,log,div,add,add,exp,mul,sub,cos,add,log,add,exp,add,exp,add,exp,mul,x1,x1,mul,mul,x1,x1,x1,mul,x1,x1,x1,x1,x1,x1,x1,x1,x1,x1,x1,x1,x1,x1,x1,x1,x1,x1,x1,x1,x1",0.16887396869328072,0.16887396869328072,False
0.7087459633030068,0,1,[x1*(x1**2*log((2*x1 + exp(x1*(-x1*(-x1 + log((2*x1 + exp(x1*(-x1 + cos(x1 + log(x1 + exp(x1**2 + exp(x1**3 + exp(x1**2))))))))/x1)) + x1*(x1 + exp(x1*(-x1*(-x1 + log((2*x1 + exp(x1*(-x1 + cos(x1 + log(x1 + exp(x1))))))/x1)) + x1*(x1**2 + x1)*cos(2*x1 + exp(x1**2*(x1 + exp(x1**3 + exp(x1**2))) + exp(x1**2))) - x1)))*cos(2*x1 + exp(x1**3 + exp(x1**2))) - x1)))/x1) + x1) + x1],"add,mul,add,mul,mul,log,div,add,add,exp,mul,sub,mul,cos,add,add,exp,add,exp,mul,x1,x1,mul,mul,x1,x1,x1,x1,x1,mul,add,exp,mul,sub,mul,cos,add,add,exp,add,exp,mul,x1,x1,mul,mul,x1,x1,add,exp,add,exp,mul,x1,x1,mul,mul,x1,x1,x1,x1,x1,x1,mul,add,mul,x1,x1,x1,x1,add,mul,sub,log,div,add,add,exp,mul,sub,cos,add,log,add,exp,x1,x1,x1,x1,x1,x1,x1,x1,x1,x1,x1,x1,x1,x1,add,mul,sub,log,div,add,add,exp,mul,sub,cos,add,log,add,exp,add,exp,add,exp,mul,x1,x1,mul,mul,x1,x1,x1,mul,x1,x1,x1,x1,x1,x1,x1,x1,x1,x1,x1,x1,x1,x1,x1,x1,x1,x1,x1,x1,x1",0.16887396869328072,0.16887396869328072,False
0.7087443472161743,0,1,[x1*(x1**2*log((2*x1 + exp(x1*(-x1*(-x1 + log((2*x1 + exp(x1*(-x1 + cos((x1 + exp(x1**2 + exp(x1**3 + x1)))*exp(x1)))))/x1)) + x1*(x1 + exp(x1*(-x1*(-x1 + log((2*x1 + exp(x1*(-x1 + cos(x1 + log(x1 + exp(x1))))))/x1)) + x1*(x1**2 + x1)*cos(2*x1 + exp(x1**2*(x1 + exp(x1**3 + exp(x1**2))) + exp(x1**2))) - x1)))*cos(2*x1 + exp(x1**3 + exp(x1**2))) - x1)))/x1) + x1) + x1],"add,mul,add,mul,mul,log,div,add,add,exp,mul,sub,mul,cos,add,add,exp,add,exp,mul,x1,x1,mul,mul,x1,x1,x1,x1,x1,mul,add,exp,mul,sub,mul,cos,add,add,exp,add,exp,mul,x1,x1,mul,mul,x1,x1,add,exp,add,exp,mul,x1,x1,mul,mul,x1,x1,x1,x1,x1,x1,mul,add,mul,x1,x1,x1,x1,add,mul,sub,log,div,add,add,exp,mul,sub,cos,add,log,add,exp,x1,x1,x1,x1,x1,x1,x1,x1,x1,x1,x1,x1,x1,x1,add,mul,sub,log,div,add,add,exp,mul,sub,cos,exp,add,log,add,exp,add,exp,add,x1,mul,mul,x1,x1,x1,mul,x1,x1,x1,x1,x1,x1,x1,x1,x1,x1,x1,x1,x1,x1,x1,x1,x1,x1,x1,x1,x1",0.16887661291297695,0.16887661291297695,False
0.7087443472161743,0,1,[x1*(x1**2*log((2*x1 + exp(x1*(-x1*(-x1 + log((2*x1 + exp(x1*(-x1 + cos((x1 + exp(x1**2 + exp(x1**3 + x1)))*exp(x1)))))/x1)) + x1*(x1 + exp(x1*(-x1*(-x1 + log((2*x1 + exp(x1*(-x1 + cos(x1 + log(x1 + exp(x1))))))/x1)) + x1*(x1**2 + x1)*cos(2*x1 + exp(x1**2*(x1 + exp(x1**3 + exp(x1**2))) + exp(x1**2))) - x1)))*cos(2*x1 + exp(x1**3 + exp(x1**2))) - x1)))/x1) + x1) + x1],"add,mul,add,mul,mul,log,div,add,add,exp,mul,sub,mul,cos,add,add,exp,add,exp,mul,x1,x1,mul,mul,x1,x1,x1,x1,x1,mul,add,exp,mul,sub,mul,cos,add,add,exp,add,exp,mul,x1,x1,mul,mul,x1,x1,add,exp,add,exp,mul,x1,x1,mul,mul,x1,x1,x1,x1,x1,x1,mul,add,mul,x1,x1,x1,x1,add,mul,sub,log,div,add,add,exp,mul,sub,cos,add,log,add,exp,x1,x1,x1,x1,x1,x1,x1,x1,x1,x1,x1,x1,x1,x1,add,mul,sub,log,div,add,add,exp,mul,sub,cos,exp,add,log,add,exp,add,exp,add,x1,mul,mul,x1,x1,x1,mul,x1,x1,x1,x1,x1,x1,x1,x1,x1,x1,x1,x1,x1,x1,x1,x1,x1,x1,x1,x1,x1",0.16887661291297695,0.16887661291297695,False
0.7086652271844662,0,1,[x1*(x1**2*log((2*x1 + exp(x1*(-x1*(-x1 + log((2*x1 + exp(x1*(-x1 + cos(x1 + log(x1 + exp(x1**2 + exp(-x1**3 + exp(x1**2))))))))/x1)) + x1*(x1 + exp(x1*(-x1*(-x1 + log((2*x1 + exp(x1*(-x1 + cos(x1 + log(x1 + exp(x1**2 + exp(x1**3 + exp(x1**2))))))))/x1)) + x1*(x1**2 + x1)*cos(2*x1 + exp(x1**2*(x1 + exp(x1**3 + exp(x1**2))) + exp(x1**2))) - x1)))*cos(2*x1 + exp(x1**3 + exp(x1**2))) - x1)))/x1) + x1) + x1],"add,mul,add,mul,mul,log,div,add,add,exp,mul,sub,mul,cos,add,add,exp,add,exp,mul,x1,x1,mul,mul,x1,x1,x1,x1,x1,mul,add,exp,mul,sub,mul,cos,add,add,exp,add,exp,mul,x1,x1,mul,mul,x1,x1,add,exp,add,exp,mul,x1,x1,mul,mul,x1,x1,x1,x1,x1,x1,mul,add,mul,x1,x1,x1,x1,add,mul,sub,log,div,add,add,exp,mul,sub,cos,add,log,add,exp,add,exp,add,exp,mul,x1,x1,mul,mul,x1,x1,x1,mul,x1,x1,x1,x1,x1,x1,x1,x1,x1,x1,x1,x1,x1,x1,x1,add,mul,sub,log,div,add,add,exp,mul,sub,cos,add,log,add,exp,add,exp,sub,exp,mul,x1,x1,mul,mul,x1,x1,x1,mul,x1,x1,x1,x1,x1,x1,x1,x1,x1,x1,x1,x1,x1,x1,x1,x1,x1,x1,x1,x1,x1",0.1690061081224838,0.1690061081224838,False
0.7086652271844662,0,1,[x1*(x1**2*log((2*x1 + exp(x1*(-x1*(-x1 + log((2*x1 + exp(x1*(-x1 + cos(x1 + log(x1 + exp(x1**2 + exp(-x1**3 + exp(x1**2))))))))/x1)) + x1*(x1 + exp(x1*(-x1*(-x1 + log((2*x1 + exp(x1*(-x1 + cos(x1 + log(x1 + exp(x1**2 + exp(x1**3 + exp(x1**2))))))))/x1)) + x1*(x1**2 + x1)*cos(2*x1 + exp(x1**2*(x1 + exp(x1**3 + exp(x1**2))) + exp(x1**2))) - x1)))*cos(2*x1 + exp(x1**3 + exp(x1**2))) - x1)))/x1) + x1) + x1],"add,mul,add,mul,mul,log,div,add,add,exp,mul,sub,mul,cos,add,add,exp,add,exp,mul,x1,x1,mul,mul,x1,x1,x1,x1,x1,mul,add,exp,mul,sub,mul,cos,add,add,exp,add,exp,mul,x1,x1,mul,mul,x1,x1,add,exp,add,exp,mul,x1,x1,mul,mul,x1,x1,x1,x1,x1,x1,mul,add,mul,x1,x1,x1,x1,add,mul,sub,log,div,add,add,exp,mul,sub,cos,add,log,add,exp,add,exp,add,exp,mul,x1,x1,mul,mul,x1,x1,x1,mul,x1,x1,x1,x1,x1,x1,x1,x1,x1,x1,x1,x1,x1,x1,x1,add,mul,sub,log,div,add,add,exp,mul,sub,cos,add,log,add,exp,add,exp,sub,exp,mul,x1,x1,mul,mul,x1,x1,x1,mul,x1,x1,x1,x1,x1,x1,x1,x1,x1,x1,x1,x1,x1,x1,x1,x1,x1,x1,x1,x1,x1",0.1690061081224838,0.1690061081224838,False
0.7086582588591757,0,1,[x1*(x1**2*log((2*x1 + exp(x1*(-x1*(-x1 + log((2*x1 + exp((-x1 + cos(x1 + log(x1 + exp(x1**2 + exp(x1**3 + exp(x1**2))))))*log(x1)))/x1)) + x1*(x1 + exp(x1*(-x1*(-x1 + log((2*x1 + exp(x1*(-x1 + cos(x1 + log(x1 + exp(x1**2 + exp(x1**3 + exp(x1**2))))))))/x1)) + x1*(x1**2 + x1)*cos(2*x1 + exp(x1**2*(x1 + exp(x1**3 + exp(x1**2))) + exp(x1**2))) - x1)))*cos(2*x1 + exp(x1**3 + exp(x1**2))) - x1)))/x1) + x1) + x1],"add,mul,add,mul,mul,log,div,add,add,exp,mul,sub,mul,cos,add,add,exp,add,exp,mul,x1,x1,mul,mul,x1,x1,x1,x1,x1,mul,add,exp,mul,sub,mul,cos,add,add,exp,add,exp,mul,x1,x1,mul,mul,x1,x1,add,exp,add,exp,mul,x1,x1,mul,mul,x1,x1,x1,x1,x1,x1,mul,add,mul,x1,x1,x1,x1,add,mul,sub,log,div,add,add,exp,mul,sub,cos,add,log,add,exp,add,exp,add,exp,mul,x1,x1,mul,mul,x1,x1,x1,mul,x1,x1,x1,x1,x1,x1,x1,x1,x1,x1,x1,x1,x1,x1,x1,add,mul,sub,log,div,add,add,exp,mul,sub,cos,add,log,add,exp,add,exp,add,exp,mul,x1,x1,mul,mul,x1,x1,x1,mul,x1,x1,x1,x1,x1,log,x1,x1,x1,x1,x1,x1,x1,x1,x1,x1,x1,x1,x1,x1,x1,x1",0.16901751689616412,0.16901751689616412,False
0.7086582588591757,0,1,[x1*(x1**2*log((2*x1 + exp(x1*(-x1*(-x1 + log((2*x1 + exp((-x1 + cos(x1 + log(x1 + exp(x1**2 + exp(x1**3 + exp(x1**2))))))*log(x1)))/x1)) + x1*(x1 + exp(x1*(-x1*(-x1 + log((2*x1 + exp(x1*(-x1 + cos(x1 + log(x1 + exp(x1**2 + exp(x1**3 + exp(x1**2))))))))/x1)) + x1*(x1**2 + x1)*cos(2*x1 + exp(x1**2*(x1 + exp(x1**3 + exp(x1**2))) + exp(x1**2))) - x1)))*cos(2*x1 + exp(x1**3 + exp(x1**2))) - x1)))/x1) + x1) + x1],"add,mul,add,mul,mul,log,div,add,add,exp,mul,sub,mul,cos,add,add,exp,add,exp,mul,x1,x1,mul,mul,x1,x1,x1,x1,x1,mul,add,exp,mul,sub,mul,cos,add,add,exp,add,exp,mul,x1,x1,mul,mul,x1,x1,add,exp,add,exp,mul,x1,x1,mul,mul,x1,x1,x1,x1,x1,x1,mul,add,mul,x1,x1,x1,x1,add,mul,sub,log,div,add,add,exp,mul,sub,cos,add,log,add,exp,add,exp,add,exp,mul,x1,x1,mul,mul,x1,x1,x1,mul,x1,x1,x1,x1,x1,x1,x1,x1,x1,x1,x1,x1,x1,x1,x1,add,mul,sub,log,div,add,add,exp,mul,sub,cos,add,log,add,exp,add,exp,add,exp,mul,x1,x1,mul,mul,x1,x1,x1,mul,x1,x1,x1,x1,x1,log,x1,x1,x1,x1,x1,x1,x1,x1,x1,x1,x1,x1,x1,x1,x1,x1",0.16901751689616412,0.16901751689616412,False
0.7084818939874614,0,1,[x1*(x1**2*log((2*x1 + exp(x1*(-x1*(-x1 + log((2*x1 + exp(x1*(-x1*(x1**2 + x1) + cos((x1 + exp(x1**2 + exp(x1**3 + exp(x1**2))))*exp(x1)))))/x1)) + x1*(x1 + exp(x1*(-x1*(-x1 + log((2*x1 + exp(x1*(-x1 + cos(x1 + log(x1 + exp(x1))))))/x1)) + x1*(x1**2 + x1)*cos(2*x1 + exp(x1**2*(x1 + exp(x1**3 + exp(x1**2))) + exp(x1**2))) - x1)))*cos(2*x1 + exp(x1**3 + exp(x1**2))) - x1)))/x1) + x1) + x1],"add,mul,add,mul,mul,log,div,add,add,exp,mul,sub,mul,cos,add,add,exp,add,exp,mul,x1,x1,mul,mul,x1,x1,x1,x1,x1,mul,add,exp,mul,sub,mul,cos,add,add,exp,add,exp,mul,x1,x1,mul,mul,x1,x1,add,exp,add,exp,mul,x1,x1,mul,mul,x1,x1,x1,x1,x1,x1,mul,add,mul,x1,x1,x1,x1,add,mul,sub,log,div,add,add,exp,mul,sub,cos,add,log,add,exp,x1,x1,x1,x1,x1,x1,x1,x1,x1,x1,x1,x1,x1,x1,add,mul,sub,log,div,add,add,exp,mul,sub,cos,exp,add,log,add,exp,add,exp,add,exp,mul,x1,x1,mul,mul,x1,x1,x1,mul,x1,x1,x1,x1,mul,add,mul,x1,x1,x1,x1,x1,x1,x1,x1,x1,x1,x1,x1,x1,x1,x1,x1,x1,x1,x1,x1",0.16930647031114707,0.16930647031114707,False
0.7084818939874614,0,1,[x1*(x1**2*log((2*x1 + exp(x1*(-x1*(-x1 + log((2*x1 + exp(x1*(-x1*(x1**2 + x1) + cos((x1 + exp(x1**2 + exp(x1**3 + exp(x1**2))))*exp(x1)))))/x1)) + x1*(x1 + exp(x1*(-x1*(-x1 + log((2*x1 + exp(x1*(-x1 + cos(x1 + log(x1 + exp(x1))))))/x1)) + x1*(x1**2 + x1)*cos(2*x1 + exp(x1**2*(x1 + exp(x1**3 + exp(x1**2))) + exp(x1**2))) - x1)))*cos(2*x1 + exp(x1**3 + exp(x1**2))) - x1)))/x1) + x1) + x1],"add,mul,add,mul,mul,log,div,add,add,exp,mul,sub,mul,cos,add,add,exp,add,exp,mul,x1,x1,mul,mul,x1,x1,x1,x1,x1,mul,add,exp,mul,sub,mul,cos,add,add,exp,add,exp,mul,x1,x1,mul,mul,x1,x1,add,exp,add,exp,mul,x1,x1,mul,mul,x1,x1,x1,x1,x1,x1,mul,add,mul,x1,x1,x1,x1,add,mul,sub,log,div,add,add,exp,mul,sub,cos,add,log,add,exp,x1,x1,x1,x1,x1,x1,x1,x1,x1,x1,x1,x1,x1,x1,add,mul,sub,log,div,add,add,exp,mul,sub,cos,exp,add,log,add,exp,add,exp,add,exp,mul,x1,x1,mul,mul,x1,x1,x1,mul,x1,x1,x1,x1,mul,add,mul,x1,x1,x1,x1,x1,x1,x1,x1,x1,x1,x1,x1,x1,x1,x1,x1,x1,x1,x1,x1",0.16930647031114707,0.16930647031114707,False
0.7084529543719837,0,1,[x1*(x1**2*log((2*x1 + exp(x1*(-x1*(-x1 + log((2*x1 + exp(x1*(-x1 + cos(x1 + log(x1 + exp(x1**2 + exp(x1**3 + exp(x1**2))))))))/sin(x1))) + x1*(x1 + exp(x1*(-x1*(-x1 + log((2*x1 + exp(x1*(-x1 + cos(x1 + log(x1 + exp(x1**2 + exp(x1**3 + exp(x1**2))))))))/x1)) + x1*(x1**2 + x1)*cos(2*x1 + exp(x1**2*(x1 + exp(x1**3 + exp(x1**2))) + exp(x1**2))) - x1)))*cos(2*x1 + exp(x1**3 + exp(x1**2))) - x1)))/x1) + x1) + x1],"add,mul,add,mul,mul,log,div,add,add,exp,mul,sub,mul,cos,add,add,exp,add,exp,mul,x1,x1,mul,mul,x1,x1,x1,x1,x1,mul,add,exp,mul,sub,mul,cos,add,add,exp,add,exp,mul,x1,x1,mul,mul,x1,x1,add,exp,add,exp,mul,x1,x1,mul,mul,x1,x1,x1,x1,x1,x1,mul,add,mul,x1,x1,x1,x1,add,mul,sub,log,div,add,add,exp,mul,sub,cos,add,log,add,exp,add,exp,add,exp,mul,x1,x1,mul,mul,x1,x1,x1,mul,x1,x1,x1,x1,x1,x1,x1,x1,x1,x1,x1,x1,x1,x1,x1,add,mul,sub,log,div,add,add,exp,mul,sub,cos,add,log,add,exp,add,exp,add,exp,mul,x1,x1,mul,mul,x1,x1,x1,mul,x1,x1,x1,x1,x1,x1,x1,x1,sin,x1,x1,x1,x1,x1,x1,x1,x1,x1,x1,x1,x1,x1",0.16935392183730516,0.16935392183730516,False
0.7084529543719837,0,1,[x1*(x1**2*log((2*x1 + exp(x1*(-x1*(-x1 + log((2*x1 + exp(x1*(-x1 + cos(x1 + log(x1 + exp(x1**2 + exp(x1**3 + exp(x1**2))))))))/sin(x1))) + x1*(x1 + exp(x1*(-x1*(-x1 + log((2*x1 + exp(x1*(-x1 + cos(x1 + log(x1 + exp(x1**2 + exp(x1**3 + exp(x1**2))))))))/x1)) + x1*(x1**2 + x1)*cos(2*x1 + exp(x1**2*(x1 + exp(x1**3 + exp(x1**2))) + exp(x1**2))) - x1)))*cos(2*x1 + exp(x1**3 + exp(x1**2))) - x1)))/x1) + x1) + x1],"add,mul,add,mul,mul,log,div,add,add,exp,mul,sub,mul,cos,add,add,exp,add,exp,mul,x1,x1,mul,mul,x1,x1,x1,x1,x1,mul,add,exp,mul,sub,mul,cos,add,add,exp,add,exp,mul,x1,x1,mul,mul,x1,x1,add,exp,add,exp,mul,x1,x1,mul,mul,x1,x1,x1,x1,x1,x1,mul,add,mul,x1,x1,x1,x1,add,mul,sub,log,div,add,add,exp,mul,sub,cos,add,log,add,exp,add,exp,add,exp,mul,x1,x1,mul,mul,x1,x1,x1,mul,x1,x1,x1,x1,x1,x1,x1,x1,x1,x1,x1,x1,x1,x1,x1,add,mul,sub,log,div,add,add,exp,mul,sub,cos,add,log,add,exp,add,exp,add,exp,mul,x1,x1,mul,mul,x1,x1,x1,mul,x1,x1,x1,x1,x1,x1,x1,x1,sin,x1,x1,x1,x1,x1,x1,x1,x1,x1,x1,x1,x1,x1",0.16935392183730516,0.16935392183730516,False
0.7083700506438999,0,1,[x1*(x1**2*log((2*x1 + exp(x1*(-x1*(-x1 + log((2*x1 + exp(x1*(-x1 + cos(x1 + log(x1 + exp(x1**2 + exp(x1 + exp(x1**2))))))))/x1)) - x1 + (x1 + exp(x1*(-x1*(-x1 + log((2*x1 + exp(x1*(-x1 + cos(x1 + log(x1 + exp(x1**2 + exp(x1**3 + exp(x1**2))))))))/x1)) + x1*(x1**2 + x1)*cos(2*x1 + exp(x1**2*(x1 + exp(x1**3 + exp(x1**2))) + exp(x1**2))) - x1)))*cos(2*x1 + exp(x1**3 + exp(x1**2))))))/x1) + x1) + x1],"add,mul,add,mul,mul,log,div,add,add,exp,mul,sub,div,mul,cos,add,add,exp,add,exp,mul,x1,x1,mul,mul,x1,x1,x1,x1,x1,mul,add,exp,mul,sub,mul,cos,add,add,exp,add,exp,mul,x1,x1,mul,mul,x1,x1,add,exp,add,exp,mul,x1,x1,mul,mul,x1,x1,x1,x1,x1,x1,mul,add,mul,x1,x1,x1,x1,add,mul,sub,log,div,add,add,exp,mul,sub,cos,add,log,add,exp,add,exp,add,exp,mul,x1,x1,mul,mul,x1,x1,x1,mul,x1,x1,x1,x1,x1,x1,x1,x1,x1,x1,x1,x1,x1,x1,x1,x1,add,mul,sub,log,div,add,add,exp,mul,sub,cos,add,log,add,exp,add,exp,add,exp,mul,x1,x1,x1,mul,x1,x1,x1,x1,x1,x1,x1,x1,x1,x1,x1,x1,x1,x1,x1,x1,x1,x1,x1,x1,x1",0.1694899151767131,0.1694899151767131,False
0.7083700506438999,0,1,[x1*(x1**2*log((2*x1 + exp(x1*(-x1*(-x1 + log((2*x1 + exp(x1*(-x1 + cos(x1 + log(x1 + exp(x1**2 + exp(x1 + exp(x1**2))))))))/x1)) - x1 + (x1 + exp(x1*(-x1*(-x1 + log((2*x1 + exp(x1*(-x1 + cos(x1 + log(x1 + exp(x1**2 + exp(x1**3 + exp(x1**2))))))))/x1)) + x1*(x1**2 + x1)*cos(2*x1 + exp(x1**2*(x1 + exp(x1**3 + exp(x1**2))) + exp(x1**2))) - x1)))*cos(2*x1 + exp(x1**3 + exp(x1**2))))))/x1) + x1) + x1],"add,mul,add,mul,mul,log,div,add,add,exp,mul,sub,div,mul,cos,add,add,exp,add,exp,mul,x1,x1,mul,mul,x1,x1,x1,x1,x1,mul,add,exp,mul,sub,mul,cos,add,add,exp,add,exp,mul,x1,x1,mul,mul,x1,x1,add,exp,add,exp,mul,x1,x1,mul,mul,x1,x1,x1,x1,x1,x1,mul,add,mul,x1,x1,x1,x1,add,mul,sub,log,div,add,add,exp,mul,sub,cos,add,log,add,exp,add,exp,add,exp,mul,x1,x1,mul,mul,x1,x1,x1,mul,x1,x1,x1,x1,x1,x1,x1,x1,x1,x1,x1,x1,x1,x1,x1,x1,add,mul,sub,log,div,add,add,exp,mul,sub,cos,add,log,add,exp,add,exp,add,exp,mul,x1,x1,x1,mul,x1,x1,x1,x1,x1,x1,x1,x1,x1,x1,x1,x1,x1,x1,x1,x1,x1,x1,x1,x1,x1",0.1694899151767131,0.1694899151767131,False
0.7083516316265484,0,1,[x1*(x1**2*log((2*x1 + exp(x1*(-x1**2*(-x1 + log((2*x1 + exp(x1*(-x1 + cos(x1 + log(x1 + exp(x1**2 + exp(x1**3 + exp(x1**2))))))))/x1))*exp(x1) + x1*(x1 + exp(x1*(-x1*(-x1 + log((2*x1 + exp(x1*(-x1 + cos(x1 + log(x1 + exp(x1**2 + exp(x1**3 + exp(x1**2))))))))/x1)) + x1*(x1**2 + x1)*cos(2*x1 + exp(x1**2*(x1 + exp(x1**3 + exp(x1**2))) + exp(x1**2))) - x1)))*cos(2*x1 + exp(x1**3 + exp(x1**2))) - x1)))/x1) + x1) + x1],"add,mul,add,mul,mul,log,div,add,add,exp,mul,sub,mul,cos,add,add,exp,add,exp,mul,x1,x1,mul,mul,x1,x1,x1,x1,x1,mul,add,exp,mul,sub,mul,cos,add,add,exp,add,exp,mul,x1,x1,mul,mul,x1,x1,add,exp,add,exp,mul,x1,x1,mul,mul,x1,x1,x1,x1,x1,x1,mul,add,mul,x1,x1,x1,x1,add,mul,sub,log,div,add,add,exp,mul,sub,cos,add,log,add,exp,add,exp,add,exp,mul,x1,x1,mul,mul,x1,x1,x1,mul,x1,x1,x1,x1,x1,x1,x1,x1,x1,x1,x1,x1,x1,x1,x1,add,mul,sub,log,div,add,add,exp,mul,sub,cos,add,log,add,exp,add,exp,add,exp,mul,x1,x1,mul,mul,x1,x1,x1,mul,x1,x1,x1,x1,x1,x1,x1,x1,x1,x1,mul,mul,x1,exp,x1,x1,x1,x1,x1,x1,x1,x1,x1,x1,x1,x1",0.169520141035922,0.169520141035922,False
0.7083516316265484,0,1,[x1*(x1**2*log((2*x1 + exp(x1*(-x1**2*(-x1 + log((2*x1 + exp(x1*(-x1 + cos(x1 + log(x1 + exp(x1**2 + exp(x1**3 + exp(x1**2))))))))/x1))*exp(x1) + x1*(x1 + exp(x1*(-x1*(-x1 + log((2*x1 + exp(x1*(-x1 + cos(x1 + log(x1 + exp(x1**2 + exp(x1**3 + exp(x1**2))))))))/x1)) + x1*(x1**2 + x1)*cos(2*x1 + exp(x1**2*(x1 + exp(x1**3 + exp(x1**2))) + exp(x1**2))) - x1)))*cos(2*x1 + exp(x1**3 + exp(x1**2))) - x1)))/x1) + x1) + x1],"add,mul,add,mul,mul,log,div,add,add,exp,mul,sub,mul,cos,add,add,exp,add,exp,mul,x1,x1,mul,mul,x1,x1,x1,x1,x1,mul,add,exp,mul,sub,mul,cos,add,add,exp,add,exp,mul,x1,x1,mul,mul,x1,x1,add,exp,add,exp,mul,x1,x1,mul,mul,x1,x1,x1,x1,x1,x1,mul,add,mul,x1,x1,x1,x1,add,mul,sub,log,div,add,add,exp,mul,sub,cos,add,log,add,exp,add,exp,add,exp,mul,x1,x1,mul,mul,x1,x1,x1,mul,x1,x1,x1,x1,x1,x1,x1,x1,x1,x1,x1,x1,x1,x1,x1,add,mul,sub,log,div,add,add,exp,mul,sub,cos,add,log,add,exp,add,exp,add,exp,mul,x1,x1,mul,mul,x1,x1,x1,mul,x1,x1,x1,x1,x1,x1,x1,x1,x1,x1,mul,mul,x1,exp,x1,x1,x1,x1,x1,x1,x1,x1,x1,x1,x1,x1",0.169520141035922,0.169520141035922,False
0.7081494843485691,0,1,[x1*(x1**2*log((2*x1 + exp(x1*(-x1*(-x1 + log((2*x1 + exp(x1*(-x1 + cos((x1 + exp(x1**2 + exp(x1**3 + exp(x1**2))))*exp(x1)))))/x1)) + x1*(x1 + exp(x1*(-x1*(-x1 + log(2)) + x1*(x1**2 + x1)*cos(2*x1 + exp(x1**2*(x1 + exp(x1**3 + exp(x1**2))) + exp(x1**2))) - x1)))*cos(2*x1 + exp(x1**3 + exp(x1**2))) - x1)))/x1) + x1) + x1],"add,mul,add,mul,mul,log,div,add,add,exp,mul,sub,mul,cos,add,add,exp,add,exp,mul,x1,x1,mul,mul,x1,x1,x1,x1,x1,mul,add,exp,mul,sub,mul,cos,add,add,exp,add,exp,mul,x1,x1,mul,mul,x1,x1,add,exp,add,exp,mul,x1,x1,mul,mul,x1,x1,x1,x1,x1,x1,mul,add,mul,x1,x1,x1,x1,add,mul,sub,log,div,add,x1,x1,x1,x1,x1,x1,x1,x1,x1,add,mul,sub,log,div,add,add,exp,mul,sub,cos,exp,add,log,add,exp,add,exp,add,exp,mul,x1,x1,mul,mul,x1,x1,x1,mul,x1,x1,x1,x1,x1,x1,x1,x1,x1,x1,x1,x1,x1,x1,x1,x1,x1,x1,x1,x1,x1",0.16985214799783088,0.16985214799783088,False
0.7081494843485691,0,1,[x1*(x1**2*log((2*x1 + exp(x1*(-x1*(-x1 + log((2*x1 + exp(x1*(-x1 + cos((x1 + exp(x1**2 + exp(x1**3 + exp(x1**2))))*exp(x1)))))/x1)) + x1*(x1 + exp(x1*(-x1*(-x1 + log(2)) + x1*(x1**2 + x1)*cos(2*x1 + exp(x1**2*(x1 + exp(x1**3 + exp(x1**2))) + exp(x1**2))) - x1)))*cos(2*x1 + exp(x1**3 + exp(x1**2))) - x1)))/x1) + x1) + x1],"add,mul,add,mul,mul,log,div,add,add,exp,mul,sub,mul,cos,add,add,exp,add,exp,mul,x1,x1,mul,mul,x1,x1,x1,x1,x1,mul,add,exp,mul,sub,mul,cos,add,add,exp,add,exp,mul,x1,x1,mul,mul,x1,x1,add,exp,add,exp,mul,x1,x1,mul,mul,x1,x1,x1,x1,x1,x1,mul,add,mul,x1,x1,x1,x1,add,mul,sub,log,div,add,x1,x1,x1,x1,x1,x1,x1,x1,x1,add,mul,sub,log,div,add,add,exp,mul,sub,cos,exp,add,log,add,exp,add,exp,add,exp,mul,x1,x1,mul,mul,x1,x1,x1,mul,x1,x1,x1,x1,x1,x1,x1,x1,x1,x1,x1,x1,x1,x1,x1,x1,x1,x1,x1,x1,x1",0.16985214799783088,0.16985214799783088,False
0.7081470144164302,0,1,[x1*(x1**2*log((x1**3 + x1 + exp(x1*(-x1*(-x1 + log((2*x1 + exp(x1*(-x1 + cos(x1 + log(x1 + exp(x1**2 + exp(x1**4 + exp(x1**2))))))))/x1)) + x1*(x1 + exp(x1*(-x1*(-x1 + log((2*x1 + exp(x1*(-x1 + cos(x1 + log(x1 + exp(x1**2 + exp(x1**3 + exp(x1**2))))))))/x1)) + x1*(x1**2 + x1)*cos(2*x1 + exp(x1**2*(x1 + exp(x1**3 + exp(x1**2))) + exp(x1**2))) - x1)))*cos(2*x1 + exp(x1**3 + exp(x1**2))) - x1)))/x1) + x1) + x1],"add,mul,add,mul,mul,log,div,add,add,exp,mul,sub,mul,cos,add,add,exp,add,exp,mul,x1,x1,mul,mul,x1,x1,x1,x1,x1,mul,add,exp,mul,sub,mul,cos,add,add,exp,add,exp,mul,x1,x1,mul,mul,x1,x1,add,exp,add,exp,mul,x1,x1,mul,mul,x1,x1,x1,x1,x1,x1,mul,add,mul,x1,x1,x1,x1,add,mul,sub,log,div,add,add,exp,mul,sub,cos,add,log,add,exp,add,exp,add,exp,mul,x1,x1,mul,mul,x1,x1,x1,mul,x1,x1,x1,x1,x1,x1,x1,x1,x1,x1,x1,x1,x1,x1,x1,add,mul,sub,log,div,add,add,exp,mul,sub,cos,add,log,add,exp,add,exp,add,exp,mul,x1,x1,mul,mul,mul,x1,x1,x1,x1,mul,x1,x1,x1,x1,x1,x1,x1,x1,x1,x1,x1,x1,x1,mul,mul,x1,x1,x1,x1,x1,x1,x1,x1,x1,x1",0.16985620779897828,0.16985620779897828,False
0.7081470144164302,0,1,[x1*(x1**2*log((x1**3 + x1 + exp(x1*(-x1*(-x1 + log((2*x1 + exp(x1*(-x1 + cos(x1 + log(x1 + exp(x1**2 + exp(x1**4 + exp(x1**2))))))))/x1)) + x1*(x1 + exp(x1*(-x1*(-x1 + log((2*x1 + exp(x1*(-x1 + cos(x1 + log(x1 + exp(x1**2 + exp(x1**3 + exp(x1**2))))))))/x1)) + x1*(x1**2 + x1)*cos(2*x1 + exp(x1**2*(x1 + exp(x1**3 + exp(x1**2))) + exp(x1**2))) - x1)))*cos(2*x1 + exp(x1**3 + exp(x1**2))) - x1)))/x1) + x1) + x1],"add,mul,add,mul,mul,log,div,add,add,exp,mul,sub,mul,cos,add,add,exp,add,exp,mul,x1,x1,mul,mul,x1,x1,x1,x1,x1,mul,add,exp,mul,sub,mul,cos,add,add,exp,add,exp,mul,x1,x1,mul,mul,x1,x1,add,exp,add,exp,mul,x1,x1,mul,mul,x1,x1,x1,x1,x1,x1,mul,add,mul,x1,x1,x1,x1,add,mul,sub,log,div,add,add,exp,mul,sub,cos,add,log,add,exp,add,exp,add,exp,mul,x1,x1,mul,mul,x1,x1,x1,mul,x1,x1,x1,x1,x1,x1,x1,x1,x1,x1,x1,x1,x1,x1,x1,add,mul,sub,log,div,add,add,exp,mul,sub,cos,add,log,add,exp,add,exp,add,exp,mul,x1,x1,mul,mul,mul,x1,x1,x1,x1,mul,x1,x1,x1,x1,x1,x1,x1,x1,x1,x1,x1,x1,x1,mul,mul,x1,x1,x1,x1,x1,x1,x1,x1,x1,x1",0.16985620779897828,0.16985620779897828,False
0.7081370114050866,0,1,[x1*(x1**2*log((2*x1 + exp(x1*(-x1*(-x1 + log((2*x1 + exp(x1*(-x1 + cos(x1 + log(x1 + exp(x1**2 + exp(x1**3 + exp(x1**2))))))))/x1)) + x1*(x1 + exp(x1*(-x1*(-x1 + log(2*x1)) + x1*(x1**2 + x1)*cos(2*x1 + exp(x1**2*(x1 + exp(x1**3 + exp(x1**2))) + exp(x1**2))) - x1)))*cos(2*x1 + exp(x1**3 + exp(x1**2))) - x1)))/x1) + x1) + x1],"add,mul,add,mul,mul,log,div,add,add,exp,mul,sub,mul,cos,add,add,exp,add,exp,mul,x1,x1,mul,mul,x1,x1,x1,x1,x1,mul,add,exp,mul,sub,mul,cos,add,add,exp,add,exp,mul,x1,x1,mul,mul,x1,x1,add,exp,add,exp,mul,x1,x1,mul,mul,x1,x1,x1,x1,x1,x1,mul,add,mul,x1,x1,x1,x1,add,mul,sub,log,div,mul,x1,add,x1,x1,x1,x1,x1,x1,x1,x1,x1,add,mul,sub,log,div,add,add,exp,mul,sub,cos,add,log,add,exp,add,exp,add,exp,mul,x1,x1,mul,mul,x1,x1,x1,mul,x1,x1,x1,x1,x1,x1,x1,x1,x1,x1,x1,x1,x1,x1,x1,x1,x1,x1,x1,x1,x1",0.1698726504279309,0.1698726504279309,False
0.7081370114050866,0,1,[x1*(x1**2*log((2*x1 + exp(x1*(-x1*(-x1 + log((2*x1 + exp(x1*(-x1 + cos(x1 + log(x1 + exp(x1**2 + exp(x1**3 + exp(x1**2))))))))/x1)) + x1*(x1 + exp(x1*(-x1*(-x1 + log(2*x1)) + x1*(x1**2 + x1)*cos(2*x1 + exp(x1**2*(x1 + exp(x1**3 + exp(x1**2))) + exp(x1**2))) - x1)))*cos(2*x1 + exp(x1**3 + exp(x1**2))) - x1)))/x1) + x1) + x1],"add,mul,add,mul,mul,log,div,add,add,exp,mul,sub,mul,cos,add,add,exp,add,exp,mul,x1,x1,mul,mul,x1,x1,x1,x1,x1,mul,add,exp,mul,sub,mul,cos,add,add,exp,add,exp,mul,x1,x1,mul,mul,x1,x1,add,exp,add,exp,mul,x1,x1,mul,mul,x1,x1,x1,x1,x1,x1,mul,add,mul,x1,x1,x1,x1,add,mul,sub,log,div,mul,x1,add,x1,x1,x1,x1,x1,x1,x1,x1,x1,add,mul,sub,log,div,add,add,exp,mul,sub,cos,add,log,add,exp,add,exp,add,exp,mul,x1,x1,mul,mul,x1,x1,x1,mul,x1,x1,x1,x1,x1,x1,x1,x1,x1,x1,x1,x1,x1,x1,x1,x1,x1,x1,x1,x1,x1",0.1698726504279309,0.1698726504279309,False
0.7081016928444648,0,1,[x1*(x1**2*log((2*x1 + exp(x1*(-x1*(-x1 + log((2*x1 + exp(x1*(-x1 + cos((x1 + exp(x1**2 + exp(x1**3 + exp(x1**2))))*exp(x1)))))/x1)) + x1*(x1 + exp(x1*(x1**2*cos(2*x1 + exp(x1**2*(x1 + exp(x1**3 + exp(x1**2))) + exp(x1**2))) - x1*(-x1 + log((2*x1 + exp(x1*(-x1 + cos(x1 + log(x1 + exp(x1))))))/x1)) - x1)))*cos(2*x1 + exp(x1**3 + exp(x1**2))) - x1)))/x1) + x1) + x1],"add,mul,add,mul,mul,log,div,add,add,exp,mul,sub,mul,cos,add,add,exp,add,exp,mul,x1,x1,mul,mul,x1,x1,x1,x1,x1,mul,add,exp,mul,sub,mul,cos,add,add,exp,add,exp,mul,x1,x1,mul,mul,x1,x1,add,exp,add,exp,mul,x1,x1,mul,mul,x1,x1,x1,x1,x1,x1,mul,x1,x1,add,mul,sub,log,div,add,add,exp,mul,sub,cos,add,log,add,exp,x1,x1,x1,x1,x1,x1,x1,x1,x1,x1,x1,x1,x1,x1,add,mul,sub,log,div,add,add,exp,mul,sub,cos,exp,add,log,add,exp,add,exp,add,exp,mul,x1,x1,mul,mul,x1,x1,x1,mul,x1,x1,x1,x1,x1,x1,x1,x1,x1,x1,x1,x1,x1,x1,x1,x1,x1,x1,x1,x1,x1",0.1699307160261046,0.1699307160261046,False
0.7081016928444648,0,1,[x1*(x1**2*log((2*x1 + exp(x1*(-x1*(-x1 + log((2*x1 + exp(x1*(-x1 + cos((x1 + exp(x1**2 + exp(x1**3 + exp(x1**2))))*exp(x1)))))/x1)) + x1*(x1 + exp(x1*(x1**2*cos(2*x1 + exp(x1**2*(x1 + exp(x1**3 + exp(x1**2))) + exp(x1**2))) - x1*(-x1 + log((2*x1 + exp(x1*(-x1 + cos(x1 + log(x1 + exp(x1))))))/x1)) - x1)))*cos(2*x1 + exp(x1**3 + exp(x1**2))) - x1)))/x1) + x1) + x1],"add,mul,add,mul,mul,log,div,add,add,exp,mul,sub,mul,cos,add,add,exp,add,exp,mul,x1,x1,mul,mul,x1,x1,x1,x1,x1,mul,add,exp,mul,sub,mul,cos,add,add,exp,add,exp,mul,x1,x1,mul,mul,x1,x1,add,exp,add,exp,mul,x1,x1,mul,mul,x1,x1,x1,x1,x1,x1,mul,x1,x1,add,mul,sub,log,div,add,add,exp,mul,sub,cos,add,log,add,exp,x1,x1,x1,x1,x1,x1,x1,x1,x1,x1,x1,x1,x1,x1,add,mul,sub,log,div,add,add,exp,mul,sub,cos,exp,add,log,add,exp,add,exp,add,exp,mul,x1,x1,mul,mul,x1,x1,x1,mul,x1,x1,x1,x1,x1,x1,x1,x1,x1,x1,x1,x1,x1,x1,x1,x1,x1,x1,x1,x1,x1",0.1699307160261046,0.1699307160261046,False
0.7080651351802751,0,1,[x1*(x1**2*log((x1**3 + x1 + exp(x1*(-x1*(-x1 + log((2*x1 + exp(x1*(-x1 + cos(x1 + log(x1 + exp(x1**2 + exp(x1**3 + exp(x1**2))))))))/x1)) + x1*(x1 + exp(x1*(-x1*(-x1 + log((2*x1 + exp(x1*(-x1 + cos(x1 + log(x1 + exp(x1**2 + exp(x1**3 + exp(x1**2))))))))/x1)) + x1*(x1**2 + x1)*cos(2*x1 + exp(x1**2*(x1 + exp(x1**3 + exp(x1**2))) + exp(x1**2))) - x1)))*cos(2*x1 + exp(x1**3 + exp(x1**2))) - x1)))/x1) + x1) + x1],"add,mul,add,mul,mul,log,div,add,add,exp,mul,sub,mul,cos,add,add,exp,add,exp,mul,x1,x1,mul,mul,x1,x1,x1,x1,x1,mul,add,exp,mul,sub,mul,cos,add,add,exp,add,exp,mul,x1,x1,mul,mul,x1,x1,add,exp,add,exp,mul,x1,x1,mul,mul,x1,x1,x1,x1,x1,x1,mul,add,mul,x1,x1,x1,x1,add,mul,sub,log,div,add,add,exp,mul,sub,cos,add,log,add,exp,add,exp,add,exp,mul,x1,x1,mul,mul,x1,x1,x1,mul,x1,x1,x1,x1,x1,x1,x1,x1,x1,x1,x1,x1,x1,x1,x1,add,mul,sub,log,div,add,add,exp,mul,sub,cos,add,log,add,exp,add,exp,add,exp,mul,x1,x1,mul,mul,x1,x1,x1,mul,x1,x1,x1,x1,x1,x1,x1,x1,x1,x1,x1,x1,x1,mul,mul,x1,x1,x1,x1,x1,x1,x1,x1,x1,x1",0.16999083532985418,0.16999083532985418,False
0.7080651351802751,0,1,[x1*(x1**2*log((x1**3 + x1 + exp(x1*(-x1*(-x1 + log((2*x1 + exp(x1*(-x1 + cos(x1 + log(x1 + exp(x1**2 + exp(x1**3 + exp(x1**2))))))))/x1)) + x1*(x1 + exp(x1*(-x1*(-x1 + log((2*x1 + exp(x1*(-x1 + cos(x1 + log(x1 + exp(x1**2 + exp(x1**3 + exp(x1**2))))))))/x1)) + x1*(x1**2 + x1)*cos(2*x1 + exp(x1**2*(x1 + exp(x1**3 + exp(x1**2))) + exp(x1**2))) - x1)))*cos(2*x1 + exp(x1**3 + exp(x1**2))) - x1)))/x1) + x1) + x1],"add,mul,add,mul,mul,log,div,add,add,exp,mul,sub,mul,cos,add,add,exp,add,exp,mul,x1,x1,mul,mul,x1,x1,x1,x1,x1,mul,add,exp,mul,sub,mul,cos,add,add,exp,add,exp,mul,x1,x1,mul,mul,x1,x1,add,exp,add,exp,mul,x1,x1,mul,mul,x1,x1,x1,x1,x1,x1,mul,add,mul,x1,x1,x1,x1,add,mul,sub,log,div,add,add,exp,mul,sub,cos,add,log,add,exp,add,exp,add,exp,mul,x1,x1,mul,mul,x1,x1,x1,mul,x1,x1,x1,x1,x1,x1,x1,x1,x1,x1,x1,x1,x1,x1,x1,add,mul,sub,log,div,add,add,exp,mul,sub,cos,add,log,add,exp,add,exp,add,exp,mul,x1,x1,mul,mul,x1,x1,x1,mul,x1,x1,x1,x1,x1,x1,x1,x1,x1,x1,x1,x1,x1,mul,mul,x1,x1,x1,x1,x1,x1,x1,x1,x1,x1",0.16999083532985418,0.16999083532985418,False
0.7079873772001632,0,1,[x1*(x1**2*log((2*x1 + exp(x1*(x1*(x1**2*log((2*x1 + exp(x1*(x1**2*(x1 + 1)*cos(2*x1 + exp(x1**2*(x1 + exp(x1**3 + exp(x1**2))) + exp(x1**2))) - x1)))/x1) + x1**2)*cos(2*x1 + exp(x1**3 + exp(x1**2))) - x1)))/x1) + x1) + x1],"add,mul,add,mul,mul,log,div,add,add,exp,mul,sub,mul,cos,add,add,exp,add,exp,mul,x1,x1,mul,mul,x1,x1,x1,x1,x1,mul,add,mul,x1,x1,mul,mul,log,div,add,add,exp,mul,sub,mul,cos,add,add,exp,add,exp,mul,x1,x1,mul,mul,x1,add,exp,add,exp,mul,x1,x1,mul,mul,x1,x1,x1,x1,x1,x1,x1,mul,mul,add,div,x1,x1,x1,x1,x1,x1,x1,x1,x1,x1,x1,x1,x1,x1,x1,x1,x1,x1,x1,x1,x1,x1,x1",0.17011876482352473,0.17011876482352473,False
0.7079873772001632,0,1,[x1*(x1**2*log((2*x1 + exp(x1*(x1*(x1**2*log((2*x1 + exp(x1*(x1**2*(x1 + 1)*cos(2*x1 + exp(x1**2*(x1 + exp(x1**3 + exp(x1**2))) + exp(x1**2))) - x1)))/x1) + x1**2)*cos(2*x1 + exp(x1**3 + exp(x1**2))) - x1)))/x1) + x1) + x1],"add,mul,add,mul,mul,log,div,add,add,exp,mul,sub,mul,cos,add,add,exp,add,exp,mul,x1,x1,mul,mul,x1,x1,x1,x1,x1,mul,add,mul,x1,x1,mul,mul,log,div,add,add,exp,mul,sub,mul,cos,add,add,exp,add,exp,mul,x1,x1,mul,mul,x1,add,exp,add,exp,mul,x1,x1,mul,mul,x1,x1,x1,x1,x1,x1,x1,mul,mul,add,div,x1,x1,x1,x1,x1,x1,x1,x1,x1,x1,x1,x1,x1,x1,x1,x1,x1,x1,x1,x1,x1,x1,x1",0.17011876482352473,0.17011876482352473,False
0.7079459036977997,0,1,[x1*(x1**2*log((2*x1 + exp(x1*(-x1*(-x1 + log((x1 + exp(x1*(-x1 + cos(x1 + log(x1 + exp(x1**2 + exp(exp(x1**2))))))) + cos(x1))/x1**3)) + x1*(x1**2 + x1)*cos(2*x1 + exp(x1**3 + exp(x1**2))) - x1)))/x1) + x1) + x1],"add,mul,add,mul,mul,log,div,add,add,exp,mul,sub,mul,cos,add,add,exp,add,exp,mul,x1,x1,mul,mul,x1,x1,x1,x1,x1,mul,add,mul,x1,x1,x1,x1,add,mul,sub,log,div,add,add,exp,mul,sub,cos,add,log,add,exp,add,exp,exp,mul,x1,x1,mul,x1,x1,x1,x1,x1,x1,x1,cos,x1,mul,mul,x1,x1,x1,x1,x1,x1,x1,x1,x1,x1,x1,x1,x1,x1,x1",0.17018702930439106,0.17018702930439106,False
0.7079459036977997,0,1,[x1*(x1**2*log((2*x1 + exp(x1*(-x1*(-x1 + log((x1 + exp(x1*(-x1 + cos(x1 + log(x1 + exp(x1**2 + exp(exp(x1**2))))))) + cos(x1))/x1**3)) + x1*(x1**2 + x1)*cos(2*x1 + exp(x1**3 + exp(x1**2))) - x1)))/x1) + x1) + x1],"add,mul,add,mul,mul,log,div,add,add,exp,mul,sub,mul,cos,add,add,exp,add,exp,mul,x1,x1,mul,mul,x1,x1,x1,x1,x1,mul,add,mul,x1,x1,x1,x1,add,mul,sub,log,div,add,add,exp,mul,sub,cos,add,log,add,exp,add,exp,exp,mul,x1,x1,mul,x1,x1,x1,x1,x1,x1,x1,cos,x1,mul,mul,x1,x1,x1,x1,x1,x1,x1,x1,x1,x1,x1,x1,x1,x1,x1",0.17018702930439106,0.17018702930439106,False
0.7079323569327217,0,1,[x1*(x1**2*log((2*x1 + exp(x1*(x1*(x1**2 + x1)*cos(2*x1 + exp(x1**3 + exp(x1**2))) - log((x1 + exp(x1*(-x1 + cos(x1 + log(x1 + 1)))) + cos(x1))/x1**3))))/x1) + x1) + x1],"add,mul,add,mul,mul,log,div,add,add,exp,mul,sub,mul,cos,add,add,exp,add,exp,mul,x1,x1,mul,mul,x1,x1,x1,x1,x1,mul,add,mul,x1,x1,x1,x1,add,sub,log,div,add,add,exp,mul,sub,cos,add,log,add,exp,mul,sub,x1,x1,x1,x1,x1,x1,x1,x1,cos,x1,mul,mul,x1,x1,x1,x1,x1,x1,x1,x1,x1,x1,x1,x1,x1,x1",0.17020933168460667,0.17020933168460667,False
0.7079323569327217,0,1,[x1*(x1**2*log((2*x1 + exp(x1*(x1*(x1**2 + x1)*cos(2*x1 + exp(x1**3 + exp(x1**2))) - log((x1 + exp(x1*(-x1 + cos(x1 + log(x1 + 1)))) + cos(x1))/x1**3))))/x1) + x1) + x1],"add,mul,add,mul,mul,log,div,add,add,exp,mul,sub,mul,cos,add,add,exp,add,exp,mul,x1,x1,mul,mul,x1,x1,x1,x1,x1,mul,add,mul,x1,x1,x1,x1,add,sub,log,div,add,add,exp,mul,sub,cos,add,log,add,exp,mul,sub,x1,x1,x1,x1,x1,x1,x1,x1,cos,x1,mul,mul,x1,x1,x1,x1,x1,x1,x1,x1,x1,x1,x1,x1,x1,x1",0.17020933168460667,0.17020933168460667,False
0.7079020315129017,0,1,[x1*(x1**2*log((2*x1 + exp(x1*(-x1*(-x1 + log((2*x1 + exp(x1*(-x1*(x1**2 + x1) + cos(exp(x1)))))/x1)) + x1*(x1 + exp(x1*(-x1*(-x1 + log((2*x1 + exp(x1*(-x1 + cos(x1 + log(x1 + exp(x1))))))/x1)) + x1*(x1**2 + x1)*cos(2*x1 + exp(x1**2*(x1 + exp(x1**3 + exp(x1**2))) + exp(x1**2))) - x1)))*cos(2*x1 + exp(x1**3 + exp(x1**2))) - x1)))/x1) + x1) + x1],"add,mul,add,mul,mul,log,div,add,add,exp,mul,sub,mul,cos,add,add,exp,add,exp,mul,x1,x1,mul,mul,x1,x1,x1,x1,x1,mul,add,exp,mul,sub,mul,cos,add,add,exp,add,exp,mul,x1,x1,mul,mul,x1,x1,add,exp,add,exp,mul,x1,x1,mul,mul,x1,x1,x1,x1,x1,x1,mul,add,mul,x1,x1,x1,x1,add,mul,sub,log,div,add,add,exp,mul,sub,cos,add,log,add,exp,x1,x1,x1,x1,x1,x1,x1,x1,x1,x1,x1,x1,x1,x1,add,mul,sub,log,div,add,add,exp,mul,sub,cos,exp,x1,mul,add,mul,x1,x1,x1,x1,x1,x1,x1,x1,x1,x1,x1,x1,x1,x1,x1,x1,x1,x1,x1,x1",0.17025926557778398,0.17025926557778398,False
0.7079020315129017,0,1,[x1*(x1**2*log((2*x1 + exp(x1*(-x1*(-x1 + log((2*x1 + exp(x1*(-x1*(x1**2 + x1) + cos(exp(x1)))))/x1)) + x1*(x1 + exp(x1*(-x1*(-x1 + log((2*x1 + exp(x1*(-x1 + cos(x1 + log(x1 + exp(x1))))))/x1)) + x1*(x1**2 + x1)*cos(2*x1 + exp(x1**2*(x1 + exp(x1**3 + exp(x1**2))) + exp(x1**2))) - x1)))*cos(2*x1 + exp(x1**3 + exp(x1**2))) - x1)))/x1) + x1) + x1],"add,mul,add,mul,mul,log,div,add,add,exp,mul,sub,mul,cos,add,add,exp,add,exp,mul,x1,x1,mul,mul,x1,x1,x1,x1,x1,mul,add,exp,mul,sub,mul,cos,add,add,exp,add,exp,mul,x1,x1,mul,mul,x1,x1,add,exp,add,exp,mul,x1,x1,mul,mul,x1,x1,x1,x1,x1,x1,mul,add,mul,x1,x1,x1,x1,add,mul,sub,log,div,add,add,exp,mul,sub,cos,add,log,add,exp,x1,x1,x1,x1,x1,x1,x1,x1,x1,x1,x1,x1,x1,x1,add,mul,sub,log,div,add,add,exp,mul,sub,cos,exp,x1,mul,add,mul,x1,x1,x1,x1,x1,x1,x1,x1,x1,x1,x1,x1,x1,x1,x1,x1,x1,x1,x1,x1",0.17025926557778398,0.17025926557778398,False
0.707889126620297,0,1,[x1*(x1**2*log((2*x1 + exp(x1*(-x1*(-x1 + log((x1 + exp(x1*(1 - x1)))/x1**2))*(x1**2 + x1)*cos(2*x1 + exp(x1**3 + exp(x1**2))) + x1*(x1**2 + x1)*cos(2*x1 + exp(x1**3 + exp(x1**2))) - x1)))/x1) + x1) + x1],"add,mul,add,mul,mul,log,div,add,add,exp,mul,sub,mul,cos,add,add,exp,add,exp,mul,x1,x1,mul,mul,x1,x1,x1,x1,x1,mul,add,mul,x1,x1,x1,x1,add,mul,sub,log,div,div,add,exp,mul,sub,div,x1,x1,x1,x1,x1,x1,x1,x1,mul,cos,add,add,exp,add,exp,mul,x1,x1,mul,mul,x1,x1,x1,x1,x1,mul,add,mul,x1,x1,x1,x1,x1,x1,x1,x1,x1,x1,x1,x1,x1,x1",0.1702805183173421,0.1702805183173421,False
0.707889126620297,0,1,[x1*(x1**2*log((2*x1 + exp(x1*(-x1*(-x1 + log((x1 + exp(x1*(1 - x1)))/x1**2))*(x1**2 + x1)*cos(2*x1 + exp(x1**3 + exp(x1**2))) + x1*(x1**2 + x1)*cos(2*x1 + exp(x1**3 + exp(x1**2))) - x1)))/x1) + x1) + x1],"add,mul,add,mul,mul,log,div,add,add,exp,mul,sub,mul,cos,add,add,exp,add,exp,mul,x1,x1,mul,mul,x1,x1,x1,x1,x1,mul,add,mul,x1,x1,x1,x1,add,mul,sub,log,div,div,add,exp,mul,sub,div,x1,x1,x1,x1,x1,x1,x1,x1,mul,cos,add,add,exp,add,exp,mul,x1,x1,mul,mul,x1,x1,x1,x1,x1,mul,add,mul,x1,x1,x1,x1,x1,x1,x1,x1,x1,x1,x1,x1,x1,x1",0.1702805183173421,0.1702805183173421,False
0.707888450378795,0,1,[x1*(x1**2*log((x1*exp(x1**2*(x1*(x1**2*log((2*x1 + exp(x1*(-x1*(-x1 + log((2*x1 + exp(x1**2*(-x1 + cos(x1 + log(x1 + exp(x1**2))))))/x1)) + x1*(x1**2 + x1)*cos(2*x1 + exp(x1**3 + exp(x1**2))) - x1)))/x1) + x1)*cos(2*x1 + exp(x1**3 + exp(x1**2))) - x1)) + 2*x1)/x1) + x1) + x1],"add,mul,add,mul,mul,log,div,add,add,mul,exp,mul,sub,mul,cos,add,add,exp,add,exp,mul,x1,x1,mul,mul,x1,x1,x1,x1,x1,mul,add,mul,mul,log,div,add,add,exp,mul,sub,mul,cos,add,add,exp,add,exp,mul,x1,x1,mul,mul,x1,x1,x1,x1,x1,mul,add,mul,x1,x1,x1,x1,add,mul,sub,log,div,add,add,exp,mul,sub,cos,add,log,add,exp,mul,x1,x1,x1,x1,x1,mul,x1,x1,x1,x1,x1,x1,x1,x1,x1,x1,x1,x1,x1,x1,x1,x1,x1,mul,add,mul,mul,log,div,add,add,exp,mul,sub,mul,cos,add,add,exp,add,exp,mul,x1,x1,x1,x1,x1,mul,add,mul,x1,x1,x1,x1,x1,x1,x1,x1,x1,x1,sub,x1,x1,x1,x1,x1,x1,x1,x1,x1,x1,x1,x1,x1",0.17028163206022037,0.17028163206022037,False
0.707888450378795,0,1,[x1*(x1**2*log((x1*exp(x1**2*(x1*(x1**2*log((2*x1 + exp(x1*(-x1*(-x1 + log((2*x1 + exp(x1**2*(-x1 + cos(x1 + log(x1 + exp(x1**2))))))/x1)) + x1*(x1**2 + x1)*cos(2*x1 + exp(x1**3 + exp(x1**2))) - x1)))/x1) + x1)*cos(2*x1 + exp(x1**3 + exp(x1**2))) - x1)) + 2*x1)/x1) + x1) + x1],"add,mul,add,mul,mul,log,div,add,add,mul,exp,mul,sub,mul,cos,add,add,exp,add,exp,mul,x1,x1,mul,mul,x1,x1,x1,x1,x1,mul,add,mul,mul,log,div,add,add,exp,mul,sub,mul,cos,add,add,exp,add,exp,mul,x1,x1,mul,mul,x1,x1,x1,x1,x1,mul,add,mul,x1,x1,x1,x1,add,mul,sub,log,div,add,add,exp,mul,sub,cos,add,log,add,exp,mul,x1,x1,x1,x1,x1,mul,x1,x1,x1,x1,x1,x1,x1,x1,x1,x1,x1,x1,x1,x1,x1,x1,x1,mul,add,mul,mul,log,div,add,add,exp,mul,sub,mul,cos,add,add,exp,add,exp,mul,x1,x1,x1,x1,x1,mul,add,mul,x1,x1,x1,x1,x1,x1,x1,x1,x1,x1,sub,x1,x1,x1,x1,x1,x1,x1,x1,x1,x1,x1,x1,x1",0.17028163206022037,0.17028163206022037,False
0.7078399600174504,0,1,[x1*(x1**2*log((2*x1 + exp(x1*(-x1*(-x1 + log((2*x1 + exp(x1*(-x1 + cos(x1 + log(x1 + exp(x1**2 + exp(x1**3 + exp(x1**2))))))))/x1)) + x1*(x1 + exp(x1*(-x1*(-x1 + log((2*x1 + exp(x1*(-x1 + cos(x1 + log(x1 + exp(x1**2 + exp(x1**3 + exp(x1**2)))))) + x1))/x1)) + x1*(x1**2 + x1)*cos(2*x1 + exp(x1**2*(x1 + exp(x1**3 + exp(x1**2))) + exp(x1**2))) - x1)))*cos(2*x1 + exp(x1**3 + exp(x1**2))) - x1)))/x1) + x1) + x1],"add,mul,add,mul,mul,log,div,add,add,exp,mul,sub,mul,cos,add,add,exp,add,exp,mul,x1,x1,mul,mul,x1,x1,x1,x1,x1,mul,add,exp,mul,sub,mul,cos,add,add,exp,add,exp,mul,x1,x1,mul,mul,x1,x1,add,exp,add,exp,mul,x1,x1,mul,mul,x1,x1,x1,x1,x1,x1,mul,add,mul,x1,x1,x1,x1,add,mul,sub,log,div,add,add,exp,add,x1,mul,sub,cos,add,log,add,exp,add,exp,add,exp,mul,x1,x1,mul,mul,x1,x1,x1,mul,x1,x1,x1,x1,x1,x1,x1,x1,x1,x1,x1,x1,x1,x1,x1,add,mul,sub,log,div,add,add,exp,mul,sub,cos,add,log,add,exp,add,exp,add,exp,mul,x1,x1,mul,mul,x1,x1,x1,mul,x1,x1,x1,x1,x1,x1,x1,x1,x1,x1,x1,x1,x1,x1,x1,x1,x1,x1,x1,x1,x1",0.17036150880109208,0.17036150880109208,False
0.7078399600174504,0,1,[x1*(x1**2*log((2*x1 + exp(x1*(-x1*(-x1 + log((2*x1 + exp(x1*(-x1 + cos(x1 + log(x1 + exp(x1**2 + exp(x1**3 + exp(x1**2))))))))/x1)) + x1*(x1 + exp(x1*(-x1*(-x1 + log((2*x1 + exp(x1*(-x1 + cos(x1 + log(x1 + exp(x1**2 + exp(x1**3 + exp(x1**2)))))) + x1))/x1)) + x1*(x1**2 + x1)*cos(2*x1 + exp(x1**2*(x1 + exp(x1**3 + exp(x1**2))) + exp(x1**2))) - x1)))*cos(2*x1 + exp(x1**3 + exp(x1**2))) - x1)))/x1) + x1) + x1],"add,mul,add,mul,mul,log,div,add,add,exp,mul,sub,mul,cos,add,add,exp,add,exp,mul,x1,x1,mul,mul,x1,x1,x1,x1,x1,mul,add,exp,mul,sub,mul,cos,add,add,exp,add,exp,mul,x1,x1,mul,mul,x1,x1,add,exp,add,exp,mul,x1,x1,mul,mul,x1,x1,x1,x1,x1,x1,mul,add,mul,x1,x1,x1,x1,add,mul,sub,log,div,add,add,exp,add,x1,mul,sub,cos,add,log,add,exp,add,exp,add,exp,mul,x1,x1,mul,mul,x1,x1,x1,mul,x1,x1,x1,x1,x1,x1,x1,x1,x1,x1,x1,x1,x1,x1,x1,add,mul,sub,log,div,add,add,exp,mul,sub,cos,add,log,add,exp,add,exp,add,exp,mul,x1,x1,mul,mul,x1,x1,x1,mul,x1,x1,x1,x1,x1,x1,x1,x1,x1,x1,x1,x1,x1,x1,x1,x1,x1,x1,x1,x1,x1",0.17036150880109208,0.17036150880109208,False
0.7078331061022488,0,1,[x1*(x1**2*log((2*x1 + exp(x1*(-x1*(-x1 + log((x1 + exp(x1*(-x1 + cos(x1 + log(x1 + 1)))) + cos(x1))/x1**3)) + x1*(x1**2 + x1)*cos(2*x1 + exp(x1**3 + exp(x1**2))) - x1)))/x1) + x1) + x1],"add,mul,add,mul,mul,log,div,add,add,exp,mul,sub,mul,cos,add,add,exp,add,exp,mul,x1,x1,mul,mul,x1,x1,x1,x1,x1,mul,add,mul,x1,x1,x1,x1,add,mul,sub,log,div,add,add,exp,mul,sub,cos,add,log,add,exp,mul,sub,x1,x1,x1,x1,x1,x1,x1,x1,cos,x1,mul,mul,x1,x1,x1,x1,x1,x1,x1,x1,x1,x1,x1,x1,x1,x1,x1",0.17037280144699987,0.17037280144699987,False
0.7078331061022488,0,1,[x1*(x1**2*log((2*x1 + exp(x1*(-x1*(-x1 + log((x1 + exp(x1*(-x1 + cos(x1 + log(x1 + 1)))) + cos(x1))/x1**3)) + x1*(x1**2 + x1)*cos(2*x1 + exp(x1**3 + exp(x1**2))) - x1)))/x1) + x1) + x1],"add,mul,add,mul,mul,log,div,add,add,exp,mul,sub,mul,cos,add,add,exp,add,exp,mul,x1,x1,mul,mul,x1,x1,x1,x1,x1,mul,add,mul,x1,x1,x1,x1,add,mul,sub,log,div,add,add,exp,mul,sub,cos,add,log,add,exp,mul,sub,x1,x1,div,x1,x1,x1,x1,x1,x1,x1,cos,x1,mul,mul,x1,x1,x1,x1,x1,x1,x1,x1,x1,x1,x1,x1,x1,x1,x1",0.17037280144699987,0.17037280144699987,False
0.7078331061022488,0,1,[x1*(x1**2*log((2*x1 + exp(x1*(-x1*(-x1 + log((x1 + exp(x1*(-x1 + cos(x1 + log(x1 + 1)))) + cos(x1))/x1**3)) + x1*(x1**2 + x1)*cos(2*x1 + exp(x1**3 + exp(x1**2))) - x1)))/x1) + x1) + x1],"add,mul,add,mul,mul,log,div,add,add,exp,mul,sub,mul,cos,add,add,exp,add,exp,mul,x1,x1,mul,mul,x1,x1,x1,x1,x1,mul,add,mul,x1,x1,x1,x1,add,mul,sub,log,div,add,add,exp,mul,sub,cos,add,log,add,exp,mul,sub,x1,x1,x1,x1,x1,x1,x1,x1,cos,x1,mul,mul,x1,x1,x1,x1,x1,x1,x1,x1,x1,x1,x1,x1,x1,x1,x1",0.17037280144699987,0.17037280144699987,False
0.7078331061022488,0,1,[x1*(x1**2*log((2*x1 + exp(x1*(-x1*(-x1 + log((x1 + exp(x1*(-x1 + cos(x1 + log(x1 + 1)))) + cos(x1))/x1**3)) + x1*(x1**2 + x1)*cos(2*x1 + exp(x1**3 + exp(x1**2))) - x1)))/x1) + x1) + x1],"add,mul,add,mul,mul,log,div,add,add,exp,mul,sub,mul,cos,add,add,exp,add,exp,mul,x1,x1,mul,mul,x1,x1,x1,x1,x1,mul,add,mul,x1,x1,x1,x1,add,mul,sub,log,div,add,add,exp,mul,sub,cos,add,log,add,exp,mul,sub,x1,x1,div,x1,x1,x1,x1,x1,x1,x1,cos,x1,mul,mul,x1,x1,x1,x1,x1,x1,x1,x1,x1,x1,x1,x1,x1,x1,x1",0.17037280144699987,0.17037280144699987,False
0.7078299721210802,0,1,[x1*(x1**2*log((2*x1 + exp(-x1*(-x1 + log((x1 + exp(x1*(-x1 + cos(x1 + log(x1 + 1)))) + cos(x1))/x1**3)) + x1*(x1**2 + x1)*cos(2*x1 + exp(x1**3 + exp(x1**2))) - x1))/x1) + x1) + x1],"add,mul,add,mul,mul,log,div,add,add,exp,sub,mul,cos,add,add,exp,add,exp,mul,x1,x1,mul,mul,x1,x1,x1,x1,x1,mul,add,mul,x1,x1,x1,x1,add,mul,sub,log,div,add,add,exp,mul,sub,cos,add,log,add,exp,mul,sub,x1,x1,div,x1,x1,x1,x1,x1,x1,x1,cos,x1,mul,mul,x1,x1,x1,x1,x1,x1,x1,x1,x1,x1,x1,x1,x1,x1",0.1703779652537598,0.1703779652537598,False
0.7078299721210802,0,1,[x1*(x1**2*log((2*x1 + exp(-x1*(-x1 + log((x1 + exp(x1*(-x1 + cos(x1 + log(x1 + 1)))) + cos(x1))/x1**3)) + x1*(x1**2 + x1)*cos(2*x1 + exp(x1**3 + exp(x1**2))) - x1))/x1) + x1) + x1],"add,mul,add,mul,mul,log,div,add,add,exp,sub,mul,cos,add,add,exp,add,exp,mul,x1,x1,mul,mul,x1,x1,x1,x1,x1,mul,add,mul,x1,x1,x1,x1,add,mul,sub,log,div,add,add,exp,mul,sub,cos,add,log,add,exp,mul,sub,x1,x1,div,x1,x1,x1,x1,x1,x1,x1,cos,x1,mul,mul,x1,x1,x1,x1,x1,x1,x1,x1,x1,x1,x1,x1,x1,x1",0.1703779652537598,0.1703779652537598,False
0.7077853368133847,0,1,[x1*(x1**2*log((x1*exp(x1**2*(x1*(x1*exp(x1*(2*x1**2*cos(2*x1 + exp(x1**3 + exp(x1**2))) - x1*(-x1 + log((x1 + exp(x1*exp(-x1 + cos(x1 + log(x1 + exp(x1**2 + exp(x1**3 + exp(x1**2))))))))/x1)) - x1)) + x1)*cos(2*x1 + exp(x1**3 + exp(x1**2))) - x1)) + 2*x1)/x1) + x1) + x1],"add,mul,add,mul,mul,log,div,add,add,mul,exp,mul,sub,mul,cos,add,add,exp,add,exp,mul,x1,x1,mul,mul,x1,x1,x1,x1,x1,mul,add,mul,x1,exp,mul,sub,mul,cos,add,add,exp,add,exp,mul,x1,x1,mul,mul,x1,x1,x1,x1,x1,mul,add,x1,x1,x1,add,mul,sub,log,div,add,exp,mul,exp,sub,cos,add,log,add,exp,add,exp,add,exp,mul,x1,x1,mul,mul,x1,x1,x1,mul,x1,x1,x1,x1,x1,x1,x1,x1,x1,x1,x1,x1,x1,x1,x1,mul,add,mul,mul,log,div,add,add,exp,mul,sub,mul,cos,add,x1,x1,mul,add,mul,x1,x1,x1,x1,x1,x1,x1,x1,x1,x1,sub,x1,x1,x1,x1,x1,x1,x1,x1,x1,x1,x1,x1,x1",0.1704515235396454,0.1704515235396454,False
0.7077853368133847,0,1,[x1*(x1**2*log((x1*exp(x1**2*(x1*(x1*exp(x1*(2*x1**2*cos(2*x1 + exp(x1**3 + exp(x1**2))) - x1*(-x1 + log((x1 + exp(x1*exp(-x1 + cos(x1 + log(x1 + exp(x1**2 + exp(x1**3 + exp(x1**2))))))))/x1)) - x1)) + x1)*cos(2*x1 + exp(x1**3 + exp(x1**2))) - x1)) + 2*x1)/x1) + x1) + x1],"add,mul,add,mul,mul,log,div,add,add,mul,exp,mul,sub,mul,cos,add,add,exp,add,exp,mul,x1,x1,mul,mul,x1,x1,x1,x1,x1,mul,add,mul,x1,exp,mul,sub,mul,cos,add,add,exp,add,exp,mul,x1,x1,mul,mul,x1,x1,x1,x1,x1,mul,add,x1,x1,x1,add,mul,sub,log,div,add,exp,mul,exp,sub,cos,add,log,add,exp,add,exp,add,exp,mul,x1,x1,mul,mul,x1,x1,x1,mul,x1,x1,x1,x1,x1,x1,x1,x1,x1,x1,x1,x1,x1,x1,x1,mul,add,mul,mul,log,div,add,add,exp,mul,sub,mul,cos,add,add,exp,add,exp,mul,x1,x1,x1,x1,x1,mul,add,mul,x1,x1,x1,x1,x1,x1,x1,x1,x1,x1,sub,x1,x1,x1,x1,x1,x1,x1,x1,x1,x1,x1,x1,x1",0.1704515235396454,0.1704515235396454,False
0.7077853368133847,0,1,[x1*(x1**2*log((x1*exp(x1**2*(x1*(x1*exp(x1*(2*x1**2*cos(2*x1 + exp(x1**3 + exp(x1**2))) - x1*(-x1 + log((x1 + exp(x1*exp(-x1 + cos(x1 + log(x1 + exp(x1**2 + exp(x1**3 + exp(x1**2))))))))/x1)) - x1)) + x1)*cos(2*x1 + exp(x1**3 + exp(x1**2))) - x1)) + 2*x1)/x1) + x1) + x1],"add,mul,add,mul,mul,log,div,add,add,mul,exp,mul,sub,mul,cos,add,add,exp,add,exp,mul,x1,x1,mul,mul,x1,x1,x1,x1,x1,mul,add,mul,x1,exp,mul,sub,mul,cos,add,add,exp,add,exp,mul,x1,x1,mul,mul,x1,x1,x1,x1,x1,mul,add,x1,x1,x1,add,mul,sub,log,div,add,exp,mul,exp,sub,cos,add,log,add,exp,add,exp,add,exp,mul,x1,x1,mul,mul,x1,x1,x1,mul,x1,x1,x1,x1,x1,x1,x1,x1,x1,x1,x1,x1,x1,x1,x1,mul,add,mul,mul,log,div,add,add,exp,mul,sub,mul,cos,add,x1,x1,mul,add,mul,x1,x1,x1,x1,x1,x1,x1,x1,x1,x1,sub,x1,x1,x1,x1,x1,x1,x1,x1,x1,x1,x1,x1,x1",0.1704515235396454,0.1704515235396454,False
0.7077853368133847,0,1,[x1*(x1**2*log((x1*exp(x1**2*(x1*(x1*exp(x1*(2*x1**2*cos(2*x1 + exp(x1**3 + exp(x1**2))) - x1*(-x1 + log((x1 + exp(x1*exp(-x1 + cos(x1 + log(x1 + exp(x1**2 + exp(x1**3 + exp(x1**2))))))))/x1)) - x1)) + x1)*cos(2*x1 + exp(x1**3 + exp(x1**2))) - x1)) + 2*x1)/x1) + x1) + x1],"add,mul,add,mul,mul,log,div,add,add,mul,exp,mul,sub,mul,cos,add,add,exp,add,exp,mul,x1,x1,mul,mul,x1,x1,x1,x1,x1,mul,add,mul,x1,exp,mul,sub,mul,cos,add,add,exp,add,exp,mul,x1,x1,mul,mul,x1,x1,x1,x1,x1,mul,add,x1,x1,x1,add,mul,sub,log,div,add,exp,mul,exp,sub,cos,add,log,add,exp,add,exp,add,exp,mul,x1,x1,mul,mul,x1,x1,x1,mul,x1,x1,x1,x1,x1,x1,x1,x1,x1,x1,x1,x1,x1,x1,x1,mul,add,mul,mul,log,div,add,add,exp,mul,sub,mul,cos,add,add,exp,add,exp,mul,x1,x1,x1,x1,x1,mul,add,mul,x1,x1,x1,x1,x1,x1,x1,x1,x1,x1,sub,x1,x1,x1,x1,x1,x1,x1,x1,x1,x1,x1,x1,x1",0.1704515235396454,0.1704515235396454,False
0.7077817964933224,0,1,[x1*(x1**2*log((2*x1 + exp(x1*(-x1*(-x1 + log((x1 + exp(-2*x1 + cos(x1 + log(x1 + exp(x1**2 + exp(x1**3 + exp(x1**2)))))) + cos(x1))/x1**3)) + x1*(x1**2 + x1)*cos(2*x1 + exp(x1**3 + exp(x1**2))) - x1)))/x1) + x1) + x1],"add,mul,add,mul,mul,log,div,add,add,exp,mul,sub,mul,cos,add,add,exp,add,exp,mul,x1,x1,mul,mul,x1,x1,x1,x1,x1,mul,add,mul,x1,x1,x1,x1,add,mul,sub,log,div,add,add,exp,sub,sub,cos,add,log,add,exp,add,exp,add,exp,mul,x1,x1,mul,mul,x1,x1,x1,mul,x1,x1,x1,x1,x1,x1,x1,cos,x1,mul,mul,x1,x1,x1,x1,x1,x1,x1,x1,x1,x1,x1,x1,x1,x1,x1",0.1704573590081933,0.1704573590081933,False
0.7077817964933224,0,1,[x1*(x1**2*log((2*x1 + exp(x1*(-x1*(-x1 + log((x1 + exp(-2*x1 + cos(x1 + log(x1 + exp(x1**2 + exp(x1**3 + exp(x1**2)))))) + cos(x1))/x1**3)) + x1*(x1**2 + x1)*cos(2*x1 + exp(x1**3 + exp(x1**2))) - x1)))/x1) + x1) + x1],"add,mul,add,mul,mul,log,div,add,add,exp,mul,sub,mul,cos,add,add,exp,add,exp,mul,x1,x1,mul,mul,x1,x1,x1,x1,x1,mul,add,mul,x1,x1,x1,x1,add,mul,sub,log,div,add,add,exp,sub,sub,cos,add,log,add,exp,add,exp,add,exp,mul,x1,x1,mul,mul,x1,x1,x1,mul,x1,x1,x1,x1,x1,x1,x1,cos,x1,mul,mul,x1,x1,x1,x1,x1,x1,x1,x1,x1,x1,x1,x1,x1,x1,x1",0.1704573590081933,0.1704573590081933,False
0.707772482013542,0,1,[x1*(x1**2*log((x1*exp(x1**2*(x1*(x1*exp(x1*(-x1*(-x1 + log((x1 + exp(x1*exp(-x1 + cos(x1 + log(x1 + exp(x1**2 + exp(x1**3 + exp(x1**2))))))))/x1)) + x1*(x1**2 + x1)*cos(2*x1 + exp(x1**3 + exp(x1**2))) - x1)) + x1)*cos(2*x1 + exp(x1**3 + exp(x1**2))) - x1)) + 2*x1)/x1) + x1) + x1],"add,mul,add,mul,mul,log,div,add,add,mul,exp,mul,sub,mul,cos,add,add,exp,add,exp,mul,x1,x1,mul,mul,x1,x1,x1,x1,x1,mul,add,mul,x1,exp,mul,sub,mul,cos,add,add,exp,add,exp,mul,x1,x1,mul,mul,x1,x1,x1,x1,x1,mul,add,mul,x1,x1,x1,x1,add,mul,sub,log,div,add,exp,mul,exp,sub,cos,add,log,add,exp,add,exp,add,exp,mul,x1,x1,mul,mul,x1,x1,x1,mul,x1,x1,x1,x1,x1,x1,x1,x1,x1,x1,x1,x1,x1,x1,x1,mul,add,mul,mul,log,div,add,add,exp,mul,sub,mul,cos,add,add,exp,add,exp,mul,x1,x1,x1,x1,x1,mul,add,mul,mul,x1,x1,x1,x1,x1,x1,x1,x1,x1,x1,x1,sub,x1,x1,x1,x1,x1,x1,x1,x1,x1,x1,x1,x1,x1",0.1704727127132911,0.1704727127132911,False
0.707772482013542,0,1,[x1*(x1**2*log((x1*exp(x1**2*(x1*(x1*exp(x1*(-x1*(-x1 + log((x1 + exp(x1*exp(-x1 + cos(x1 + log(x1 + exp(x1**2 + exp(x1**3 + exp(x1**2))))))))/x1)) + x1*(x1**2 + x1)*cos(2*x1 + exp(x1**3 + exp(x1**2))) - x1)) + x1)*cos(2*x1 + exp(x1**3 + exp(x1**2))) - x1)) + 2*x1)/x1) + x1) + x1],"add,mul,add,mul,mul,log,div,add,add,mul,exp,mul,sub,mul,cos,add,add,exp,add,exp,mul,x1,x1,mul,mul,x1,x1,x1,x1,x1,mul,add,mul,x1,exp,mul,sub,mul,cos,add,add,exp,add,exp,mul,x1,x1,mul,mul,x1,x1,x1,x1,x1,mul,add,mul,x1,x1,x1,x1,add,mul,sub,log,div,add,exp,mul,exp,sub,cos,add,log,add,exp,add,exp,add,exp,mul,x1,x1,mul,mul,x1,x1,x1,mul,x1,x1,x1,x1,x1,x1,x1,x1,x1,x1,x1,x1,x1,x1,x1,mul,add,mul,mul,log,div,add,add,exp,mul,sub,mul,cos,add,add,exp,add,exp,mul,x1,x1,x1,x1,x1,add,mul,x1,x1,x1,x1,x1,x1,x1,x1,x1,sub,x1,x1,x1,x1,x1,x1,x1,x1,x1,x1,x1,x1,x1",0.1704727127132911,0.1704727127132911,False
0.707772482013542,0,1,[x1*(x1**2*log((x1*exp(x1**2*(x1*(x1*exp(x1*(-x1*(-x1 + log((x1 + exp(x1*exp(-x1 + cos(x1 + log(x1 + exp(x1**2 + exp(x1**3 + exp(x1**2))))))))/x1)) + x1*(x1**2 + x1)*cos(2*x1 + exp(x1**3 + exp(x1**2))) - x1)) + x1)*cos(2*x1 + exp(x1**3 + exp(x1**2))) - x1)) + 2*x1)/x1) + x1) + x1],"add,mul,add,mul,mul,log,div,add,add,mul,exp,mul,sub,mul,cos,add,add,exp,add,exp,mul,x1,x1,mul,mul,x1,x1,x1,x1,x1,mul,add,mul,x1,exp,mul,sub,mul,cos,add,add,exp,add,exp,mul,x1,x1,mul,mul,x1,x1,x1,x1,x1,mul,add,mul,x1,x1,x1,x1,add,mul,sub,log,div,add,exp,mul,exp,sub,cos,add,log,add,exp,add,exp,add,exp,mul,x1,x1,mul,mul,x1,x1,x1,mul,x1,x1,x1,x1,x1,x1,x1,x1,x1,x1,x1,x1,x1,x1,x1,mul,add,mul,mul,log,div,add,add,exp,mul,sub,mul,add,add,exp,add,exp,mul,x1,x1,x1,x1,x1,mul,add,mul,mul,x1,x1,x1,x1,x1,x1,x1,x1,x1,x1,x1,sub,x1,x1,x1,x1,x1,x1,x1,x1,x1,x1,x1,x1,x1",0.1704727127132911,0.1704727127132911,False
0.707772482013542,0,1,[x1*(x1**2*log((x1*exp(x1**2*(x1*(x1*exp(x1*(-x1*(-x1 + log((x1 + exp(x1*exp(-x1 + cos(x1 + log(x1 + exp(x1**2 + exp(x1**3 + exp(x1**2))))))))/x1)) + x1*(x1**2 + x1)*cos(2*x1 + exp(x1**3 + exp(x1**2))) - x1)) + x1)*cos(2*x1 + exp(x1**3 + exp(x1**2))) - x1)) + 2*x1)/x1) + x1) + x1],"add,mul,add,mul,mul,log,div,add,add,mul,exp,mul,sub,mul,cos,add,add,exp,add,exp,mul,x1,x1,mul,mul,x1,x1,x1,x1,x1,mul,add,mul,x1,exp,mul,sub,mul,cos,add,add,exp,add,exp,mul,x1,x1,mul,mul,x1,x1,x1,x1,x1,mul,add,mul,x1,x1,x1,x1,add,mul,sub,log,div,add,exp,mul,exp,sub,cos,add,log,add,exp,add,exp,add,exp,mul,x1,x1,mul,mul,x1,x1,x1,mul,x1,x1,x1,x1,x1,x1,x1,x1,x1,x1,x1,x1,x1,x1,x1,mul,add,mul,mul,log,div,add,add,exp,mul,sub,mul,cos,add,add,exp,add,exp,mul,x1,x1,x1,x1,x1,mul,add,mul,x1,x1,x1,x1,x1,x1,x1,mul,x1,x1,x1,x1,sub,x1,x1,x1,x1,x1,x1,x1,x1,x1,x1,x1,x1,x1",0.1704727127132911,0.1704727127132911,False
0.707772482013542,0,1,[x1*(x1**2*log((x1*exp(x1**2*(x1*(x1*exp(x1*(-x1*(-x1 + log((x1 + exp(x1*exp(-x1 + cos(x1 + log(x1 + exp(x1**2 + exp(x1**3 + exp(x1**2))))))))/x1)) + x1*(x1**2 + x1)*cos(2*x1 + exp(x1**3 + exp(x1**2))) - x1)) + x1)*cos(2*x1 + exp(x1**3 + exp(x1**2))) - x1)) + 2*x1)/x1) + x1) + x1],"add,mul,add,mul,mul,log,div,add,add,mul,exp,mul,sub,mul,cos,add,add,exp,add,exp,mul,x1,x1,mul,mul,x1,x1,x1,x1,x1,mul,add,mul,x1,exp,mul,sub,mul,cos,add,add,exp,add,exp,mul,x1,x1,mul,mul,x1,x1,x1,x1,x1,mul,add,mul,x1,x1,x1,x1,add,mul,sub,log,div,add,exp,mul,exp,sub,cos,add,log,add,exp,add,exp,add,exp,mul,x1,x1,mul,mul,x1,x1,x1,mul,x1,x1,x1,x1,x1,x1,x1,x1,x1,x1,x1,x1,x1,x1,x1,mul,add,mul,mul,log,div,add,add,exp,mul,sub,mul,cos,add,add,exp,add,exp,mul,x1,x1,x1,x1,x1,mul,add,mul,x1,x1,x1,x1,x1,x1,x1,x1,x1,x1,sub,x1,x1,x1,x1,x1,x1,x1,x1,x1,x1,x1,x1,x1",0.1704727127132911,0.1704727127132911,False
0.707772482013542,0,1,[x1*(x1**2*log((x1*exp(x1**2*(x1*(x1*exp(x1*(-x1*(-x1 + log((x1 + exp(x1*exp(-x1 + cos(x1 + log(x1 + exp(x1**2 + exp(x1**3 + exp(x1**2))))))))/x1)) + x1*(x1**2 + x1)*cos(2*x1 + exp(x1**3 + exp(x1**2))) - x1)) + x1)*cos(2*x1 + exp(x1**3 + exp(x1**2))) - x1)) + 2*x1)/x1) + x1) + x1],"add,mul,add,mul,mul,log,div,add,add,mul,exp,mul,sub,mul,cos,add,add,exp,add,exp,mul,x1,x1,mul,mul,x1,x1,x1,x1,x1,mul,add,mul,x1,exp,mul,sub,mul,cos,add,add,exp,add,exp,mul,x1,x1,mul,mul,x1,x1,x1,x1,x1,mul,add,mul,x1,x1,x1,x1,add,mul,sub,log,div,add,exp,mul,exp,sub,cos,add,log,add,exp,add,exp,add,exp,mul,x1,x1,mul,mul,x1,x1,x1,mul,x1,x1,x1,x1,x1,x1,x1,x1,x1,x1,x1,x1,x1,x1,x1,mul,add,mul,mul,log,div,add,add,exp,mul,sub,mul,add,add,exp,add,exp,mul,x1,x1,x1,x1,x1,mul,add,mul,mul,x1,x1,x1,x1,x1,x1,x1,x1,x1,x1,x1,sub,x1,x1,x1,x1,x1,x1,x1,x1,x1,x1,x1,x1,x1",0.1704727127132911,0.1704727127132911,False
0.707772482013542,0,1,[x1*(x1**2*log((x1*exp(x1**2*(x1*(x1*exp(x1*(-x1*(-x1 + log((x1 + exp(x1*exp(-x1 + cos(x1 + log(x1 + exp(x1**2 + exp(x1**3 + exp(x1**2))))))))/x1)) + x1*(x1**2 + x1)*cos(2*x1 + exp(x1**3 + exp(x1**2))) - x1)) + x1)*cos(2*x1 + exp(x1**3 + exp(x1**2))) - x1)) + 2*x1)/x1) + x1) + x1],"add,mul,add,mul,mul,log,div,add,add,mul,exp,mul,sub,mul,cos,add,add,exp,add,exp,mul,x1,x1,mul,mul,x1,x1,x1,x1,x1,mul,add,mul,x1,exp,mul,sub,mul,cos,add,add,exp,add,exp,mul,x1,x1,mul,mul,x1,x1,x1,x1,x1,mul,add,mul,x1,x1,x1,x1,add,mul,sub,log,div,add,exp,mul,exp,sub,cos,add,log,add,exp,add,exp,add,exp,mul,x1,x1,mul,mul,x1,x1,x1,mul,x1,x1,x1,x1,x1,x1,x1,x1,x1,x1,x1,x1,x1,x1,x1,mul,add,mul,mul,log,div,add,add,exp,mul,sub,mul,cos,add,add,exp,add,exp,mul,x1,x1,x1,x1,x1,add,mul,x1,x1,x1,x1,x1,x1,x1,x1,x1,sub,x1,x1,x1,x1,x1,x1,x1,x1,x1,x1,x1,x1,x1",0.1704727127132911,0.1704727127132911,False
0.707772482013542,0,1,[x1*(x1**2*log((x1*exp(x1**2*(x1*(x1*exp(x1*(-x1*(-x1 + log((x1 + exp(x1*exp(-x1 + cos(x1 + log(x1 + exp(x1**2 + exp(x1**3 + exp(x1**2))))))))/x1)) + x1*(x1**2 + x1)*cos(2*x1 + exp(x1**3 + exp(x1**2))) - x1)) + x1)*cos(2*x1 + exp(x1**3 + exp(x1**2))) - x1)) + 2*x1)/x1) + x1) + x1],"add,mul,add,mul,mul,log,div,add,add,mul,exp,mul,sub,mul,cos,add,add,exp,add,exp,mul,x1,x1,mul,mul,x1,x1,x1,x1,x1,mul,add,mul,x1,exp,mul,sub,mul,cos,add,add,exp,add,exp,mul,x1,x1,mul,mul,x1,x1,x1,x1,x1,mul,add,mul,x1,x1,x1,x1,add,mul,sub,log,div,add,exp,mul,exp,sub,cos,add,log,add,exp,add,exp,add,exp,mul,x1,x1,mul,mul,x1,x1,x1,mul,x1,x1,x1,x1,x1,x1,x1,x1,x1,x1,x1,x1,x1,x1,x1,mul,add,mul,mul,log,div,add,add,exp,mul,sub,mul,cos,add,add,exp,add,exp,mul,x1,x1,x1,x1,x1,mul,add,mul,x1,x1,x1,x1,x1,x1,x1,mul,x1,x1,x1,x1,sub,x1,x1,x1,x1,x1,x1,x1,x1,x1,x1,x1,x1,x1",0.1704727127132911,0.1704727127132911,False
0.707772482013542,0,1,[x1*(x1**2*log((x1*exp(x1**2*(x1*(x1*exp(x1*(-x1*(-x1 + log((x1 + exp(x1*exp(-x1 + cos(x1 + log(x1 + exp(x1**2 + exp(x1**3 + exp(x1**2))))))))/x1)) + x1*(x1**2 + x1)*cos(2*x1 + exp(x1**3 + exp(x1**2))) - x1)) + x1)*cos(2*x1 + exp(x1**3 + exp(x1**2))) - x1)) + 2*x1)/x1) + x1) + x1],"add,mul,add,mul,mul,log,div,add,add,mul,exp,mul,sub,mul,cos,add,add,exp,add,exp,mul,x1,x1,mul,mul,x1,x1,x1,x1,x1,mul,add,mul,x1,exp,mul,sub,mul,cos,add,add,exp,add,exp,mul,x1,x1,mul,mul,x1,x1,x1,x1,x1,mul,add,mul,x1,x1,x1,x1,add,mul,sub,log,div,add,exp,mul,exp,sub,cos,add,log,add,exp,add,exp,add,exp,mul,x1,x1,mul,mul,x1,x1,x1,mul,x1,x1,x1,x1,x1,x1,x1,x1,x1,x1,x1,x1,x1,x1,x1,mul,add,mul,mul,log,div,add,add,exp,mul,sub,mul,cos,add,add,exp,add,exp,mul,x1,x1,x1,x1,x1,mul,add,mul,mul,x1,x1,x1,x1,x1,x1,x1,x1,x1,x1,x1,sub,x1,x1,x1,x1,x1,x1,x1,x1,x1,x1,x1,x1,x1",0.1704727127132911,0.1704727127132911,False
0.707772482013542,0,1,[x1*(x1**2*log((x1*exp(x1**2*(x1*(x1*exp(x1*(-x1*(-x1 + log((x1 + exp(x1*exp(-x1 + cos(x1 + log(x1 + exp(x1**2 + exp(x1**3 + exp(x1**2))))))))/x1)) + x1*(x1**2 + x1)*cos(2*x1 + exp(x1**3 + exp(x1**2))) - x1)) + x1)*cos(2*x1 + exp(x1**3 + exp(x1**2))) - x1)) + 2*x1)/x1) + x1) + x1],"add,mul,add,mul,mul,log,div,add,add,mul,exp,mul,sub,mul,cos,add,add,exp,add,exp,mul,x1,x1,mul,mul,x1,x1,x1,x1,x1,mul,add,mul,x1,exp,mul,sub,mul,cos,add,add,exp,add,exp,mul,x1,x1,mul,mul,x1,x1,x1,x1,x1,mul,add,mul,x1,x1,x1,x1,add,mul,sub,log,div,add,exp,mul,exp,sub,cos,add,log,add,exp,add,exp,add,exp,mul,x1,x1,mul,mul,x1,x1,x1,mul,x1,x1,x1,x1,x1,x1,x1,x1,x1,x1,x1,x1,x1,x1,x1,mul,add,mul,mul,log,div,add,add,exp,mul,sub,mul,cos,add,add,exp,add,exp,mul,x1,x1,x1,x1,x1,mul,add,mul,x1,x1,x1,x1,x1,x1,x1,x1,x1,x1,sub,x1,x1,x1,x1,x1,x1,x1,x1,x1,x1,x1,x1,x1",0.1704727127132911,0.1704727127132911,False
0.7077680725424308,0,1,[x1*(x1**2*log((x1*exp(x1**2*(x1*(x1*exp(x1*(-x1*(-x1 + log((2*x1 + exp(x1**2*(x1*(x1**2 + x1)*cos(2*x1 + exp(x1**3 + exp(x1**2))) - x1)))/x1)) + x1*(x1**2 + x1)*cos(2*x1 + exp(x1**3 + exp(x1**2))) - x1)) + x1)*cos(2*x1 + exp(x1**3 + exp(x1**2))) - x1)) + 2*x1)/x1) + x1) + x1],"add,mul,add,mul,mul,log,div,add,add,mul,exp,mul,sub,mul,cos,add,add,exp,add,exp,mul,x1,x1,mul,mul,x1,x1,x1,x1,x1,mul,add,mul,x1,exp,mul,sub,mul,cos,add,add,exp,add,exp,mul,x1,x1,mul,mul,x1,x1,x1,x1,x1,mul,add,mul,x1,x1,x1,x1,add,mul,sub,log,div,add,add,exp,mul,sub,mul,cos,add,add,exp,add,exp,mul,x1,x1,mul,mul,x1,x1,x1,x1,x1,mul,add,mul,x1,x1,x1,x1,x1,mul,add,mul,x1,sub,x1,x1,x1,x1,x1,x1,x1,x1,x1,x1,x1,x1,x1,x1,mul,add,mul,mul,log,div,add,add,exp,mul,sub,mul,cos,add,add,exp,exp,mul,x1,x1,x1,x1,mul,add,mul,x1,x1,x1,x1,x1,x1,x1,x1,x1,log,mul,sin,x1,mul,x1,x1,sub,x1,x1,x1,x1,x1,x1,x1,x1,x1,x1,x1,x1,x1",0.17047998153341282,0.17047998153341282,False
0.7077680725424308,0,1,[x1*(x1**2*log((x1*exp(x1**2*(x1*(x1*exp(x1*(-x1*(-x1 + log((2*x1 + exp(x1**2*(x1*(x1**2 + x1)*cos(2*x1 + exp(x1**3 + exp(x1**2))) - x1)))/x1)) + x1*(x1**2 + x1)*cos(2*x1 + exp(x1**3 + exp(x1**2))) - x1)) + x1)*cos(2*x1 + exp(x1**3 + exp(x1**2))) - x1)) + 2*x1)/x1) + x1) + x1],"add,mul,add,mul,mul,log,div,add,add,mul,exp,mul,sub,mul,cos,add,add,exp,add,exp,mul,x1,x1,mul,mul,x1,x1,x1,x1,x1,mul,add,mul,x1,exp,mul,sub,mul,cos,add,add,exp,add,exp,mul,x1,x1,mul,mul,x1,x1,x1,x1,x1,mul,add,mul,x1,x1,x1,x1,add,mul,sub,log,div,add,add,exp,mul,sub,mul,cos,add,add,exp,add,exp,mul,x1,x1,mul,mul,x1,x1,x1,x1,x1,mul,add,mul,x1,x1,x1,x1,x1,mul,add,mul,x1,sub,x1,x1,x1,x1,x1,x1,x1,x1,x1,x1,x1,x1,x1,x1,mul,add,mul,mul,log,div,add,add,exp,mul,sub,mul,cos,add,add,exp,exp,mul,x1,x1,x1,x1,mul,add,mul,x1,x1,x1,x1,x1,x1,x1,x1,x1,log,mul,sin,x1,mul,x1,x1,sub,x1,x1,x1,x1,x1,x1,x1,x1,x1,x1,x1,x1,x1",0.17047998153341282,0.17047998153341282,False
0.7077493206304752,0,1,[x1*(x1**2*log((2*x1 + exp(x1*(-x1*(-x1 + log((2*x1 + exp(x1*(-x1 + cos(x1 + log(x1 + exp(x1**2 + exp(x1**3 + exp(x1**2))))))))/x1)) + x1*(x1 + exp(x1*(-x1*(-x1 + log((x1*(-x1 + cos(x1 + log(x1 + exp(x1**2 + exp(x1**3 + exp(x1**2)))))) + 2*x1)/x1)) + x1*(x1**2 + x1)*cos(2*x1 + exp(x1**2*(x1 + exp(x1**3 + exp(x1**2))) + exp(x1**2))) - x1)))*cos(2*x1 + exp(x1**3 + exp(x1**2))) - x1)))/x1) + x1) + x1],"add,mul,add,mul,mul,log,div,add,add,exp,mul,sub,mul,cos,add,add,exp,add,exp,mul,x1,x1,mul,mul,x1,x1,x1,x1,x1,mul,add,exp,mul,sub,mul,cos,add,add,exp,add,exp,mul,x1,x1,mul,mul,x1,x1,add,exp,add,exp,mul,x1,x1,mul,mul,x1,x1,x1,x1,x1,x1,mul,add,mul,x1,x1,x1,x1,add,mul,sub,log,div,add,add,mul,sub,cos,add,log,add,exp,add,exp,add,exp,mul,x1,x1,mul,mul,x1,x1,x1,mul,x1,x1,x1,x1,x1,x1,x1,x1,x1,x1,x1,x1,x1,x1,x1,add,mul,sub,log,div,add,add,exp,mul,sub,cos,add,log,add,exp,add,exp,add,exp,mul,x1,x1,mul,mul,x1,x1,x1,mul,x1,x1,x1,x1,x1,x1,x1,x1,x1,x1,x1,x1,x1,x1,x1,x1,x1,x1,x1,x1,x1",0.17051089598196595,0.17051089598196595,False
0.7077493206304752,0,1,[x1*(x1**2*log((2*x1 + exp(x1*(-x1*(-x1 + log((2*x1 + exp(x1*(-x1 + cos(x1 + log(x1 + exp(x1**2 + exp(x1**3 + exp(x1**2))))))))/x1)) + x1*(x1 + exp(x1*(-x1*(-x1 + log((x1*(-x1 + cos(x1 + log(x1 + exp(x1**2 + exp(x1**3 + exp(x1**2)))))) + 2*x1)/x1)) + x1*(x1**2 + x1)*cos(2*x1 + exp(x1**2*(x1 + exp(x1**3 + exp(x1**2))) + exp(x1**2))) - x1)))*cos(2*x1 + exp(x1**3 + exp(x1**2))) - x1)))/x1) + x1) + x1],"add,mul,add,mul,mul,log,div,add,add,exp,mul,sub,mul,cos,add,add,exp,add,exp,mul,x1,x1,mul,mul,x1,x1,x1,x1,x1,mul,add,exp,mul,sub,mul,cos,add,add,exp,add,exp,mul,x1,x1,mul,mul,x1,x1,add,exp,add,exp,mul,x1,x1,mul,mul,x1,x1,x1,x1,x1,x1,mul,add,mul,x1,x1,x1,x1,add,mul,sub,log,div,add,add,mul,sub,cos,add,log,add,exp,add,exp,add,exp,mul,x1,x1,mul,mul,x1,x1,x1,mul,x1,x1,x1,x1,x1,x1,x1,x1,x1,x1,x1,x1,x1,x1,x1,add,mul,sub,log,div,add,add,exp,mul,sub,cos,add,log,add,exp,add,exp,add,exp,mul,x1,x1,mul,mul,x1,x1,x1,mul,x1,x1,x1,x1,x1,x1,x1,x1,x1,x1,x1,x1,x1,x1,x1,x1,x1,x1,x1,x1,x1",0.17051089598196595,0.17051089598196595,False
0.7077179935420317,0,1,[x1*(x1**2*log((x1*exp(x1**2*(x1*exp(x1**2)*cos(2*x1 + exp(x1**3 + exp(x1**2))) - x1)) + 2*x1)/x1) + x1) + x1],"add,mul,add,mul,mul,log,div,add,add,mul,exp,mul,sub,mul,cos,add,add,exp,add,exp,mul,x1,x1,mul,mul,x1,x1,x1,x1,x1,mul,exp,mul,x1,x1,x1,x1,mul,add,mul,mul,log,div,add,add,exp,mul,sub,mul,cos,add,add,exp,add,exp,mul,x1,x1,x1,x1,x1,mul,add,mul,x1,x1,x1,x1,x1,x1,x1,x1,mul,x1,x1,x1,sub,x1,x1,x1,x1,x1,x1,x1,x1,x1,x1,x1,x1,x1",0.17056255180513874,0.17056255180513874,False
0.7077179935420317,0,1,[x1*(x1**2*log((x1*exp(x1**2*(x1*exp(x1**2)*cos(2*x1 + exp(x1**3 + exp(x1**2))) - x1)) + 2*x1)/x1) + x1) + x1],"add,mul,add,mul,mul,log,div,add,add,mul,exp,mul,sub,mul,cos,add,add,exp,add,exp,mul,x1,x1,mul,mul,x1,x1,x1,x1,x1,mul,exp,mul,x1,x1,x1,x1,mul,add,mul,mul,log,div,add,add,exp,mul,sub,mul,cos,x1,mul,add,mul,x1,x1,x1,x1,x1,x1,x1,x1,mul,x1,x1,x1,sub,x1,x1,x1,x1,x1,x1,x1,x1,x1,x1,x1,x1,x1",0.17056255180513874,0.17056255180513874,False
0.7077179935420317,0,1,[x1*(x1**2*log((x1*exp(x1**2*(x1*exp(x1**2)*cos(2*x1 + exp(x1**3 + exp(x1**2))) - x1)) + 2*x1)/x1) + x1) + x1],"add,mul,add,mul,mul,log,div,add,add,mul,exp,mul,sub,mul,cos,add,add,exp,add,exp,mul,x1,x1,mul,mul,x1,x1,x1,x1,x1,mul,exp,mul,x1,x1,x1,x1,mul,add,mul,mul,log,div,add,add,exp,mul,sub,mul,cos,add,add,exp,add,exp,mul,x1,x1,x1,x1,x1,mul,add,mul,x1,x1,x1,x1,x1,x1,x1,x1,mul,x1,x1,x1,sub,x1,x1,x1,x1,x1,x1,x1,x1,x1,x1,x1,x1,x1",0.17056255180513874,0.17056255180513874,False
0.7077179935420317,0,1,[x1*(x1**2*log((x1*exp(x1**2*(x1*exp(x1**2)*cos(2*x1 + exp(x1**3 + exp(x1**2))) - x1)) + 2*x1)/x1) + x1) + x1],"add,mul,add,mul,mul,log,div,add,add,mul,exp,mul,sub,mul,cos,add,add,exp,add,exp,mul,x1,x1,mul,mul,x1,x1,x1,x1,x1,mul,exp,mul,x1,x1,x1,x1,mul,add,mul,mul,log,div,add,add,exp,mul,sub,mul,cos,x1,mul,add,mul,x1,x1,x1,x1,x1,x1,x1,x1,mul,x1,x1,x1,sub,x1,x1,x1,x1,x1,x1,x1,x1,x1,x1,x1,x1,x1",0.17056255180513874,0.17056255180513874,False
0.707710743133472,0,1,[x1*(x1**2*log((2*x1 + exp(x1*(-x1*(-x1 + log((2*x1 + exp(x1**2*(-x1 + cos(x1 + log(x1 + exp(x1**2 + exp(2*x1)))))))/x1)) + x1*(x1**2 + x1)*cos(x1**2 + x1 + exp(x1**3 + exp(x1**2))) - x1)))/x1) + x1) + x1],"add,mul,add,mul,mul,log,div,add,add,exp,mul,sub,mul,cos,add,add,exp,add,exp,mul,x1,x1,mul,mul,x1,x1,x1,x1,mul,x1,x1,mul,add,mul,x1,x1,x1,x1,add,mul,sub,log,div,add,add,exp,mul,sub,cos,add,log,add,exp,add,exp,add,x1,mul,div,x1,x1,x1,mul,x1,x1,x1,x1,x1,mul,x1,x1,x1,x1,x1,x1,x1,x1,x1,x1,x1,x1,x1,x1,x1,x1,x1",0.1705745089062904,0.1705745089062904,False
0.707710743133472,0,1,[x1*(x1**2*log((2*x1 + exp(x1*(-x1*(-x1 + log((2*x1 + exp(x1**2*(-x1 + cos(x1 + log(x1 + exp(x1**2 + exp(2*x1)))))))/x1)) + x1*(x1**2 + x1)*cos(x1**2 + x1 + exp(x1**3 + exp(x1**2))) - x1)))/x1) + x1) + x1],"add,mul,add,mul,mul,log,div,add,add,exp,mul,sub,mul,cos,add,add,exp,add,exp,mul,x1,x1,mul,mul,x1,x1,x1,x1,mul,x1,x1,mul,add,mul,x1,x1,x1,x1,add,mul,sub,log,div,add,add,exp,mul,sub,cos,add,log,add,exp,add,exp,add,x1,mul,div,x1,x1,x1,mul,x1,x1,x1,x1,x1,mul,x1,x1,x1,x1,x1,x1,x1,x1,x1,x1,x1,x1,x1,x1,x1,x1,x1",0.1705745089062904,0.1705745089062904,False
0.7077100018558409,0,1,[x1*(x1**2*log((2*x1 + exp(x1**2*(x1**2 + x1)*cos(2*x1 + exp(x1**3 + exp(x1**2))) - x1*(-x1 + log((2*x1 + exp(x1*(-x1 + cos(x1 + log(x1/(x1**3 + x1 + exp(x1**3 + exp(x1**2))))))))/x1)) - x1))/x1) + x1) + x1],"add,mul,add,mul,mul,log,div,add,add,exp,sub,mul,cos,add,add,exp,add,exp,mul,x1,x1,mul,mul,x1,x1,x1,x1,x1,mul,add,mul,x1,x1,x1,mul,x1,x1,add,mul,sub,log,div,add,add,exp,mul,sub,cos,add,log,div,x1,add,add,exp,add,exp,mul,x1,x1,mul,mul,x1,x1,x1,mul,mul,x1,x1,x1,x1,x1,x1,x1,x1,x1,x1,x1,x1,x1,x1,x1,x1,x1,x1,x1,x1,x1",0.17057573143090446,0.17057573143090446,False
0.7077100018558409,0,1,[x1*(x1**2*log((2*x1 + exp(x1**2*(x1**2 + x1)*cos(2*x1 + exp(x1**3 + exp(x1**2))) - x1*(-x1 + log((2*x1 + exp(x1*(-x1 + cos(x1 + log(x1/(x1**3 + x1 + exp(x1**3 + exp(x1**2))))))))/x1)) - x1))/x1) + x1) + x1],"add,mul,add,mul,mul,log,div,add,add,exp,sub,mul,cos,add,add,exp,add,exp,mul,x1,x1,mul,mul,x1,x1,x1,x1,x1,mul,add,mul,x1,x1,x1,mul,x1,x1,add,mul,sub,log,div,add,add,exp,mul,sub,cos,add,log,div,x1,add,add,exp,add,exp,mul,x1,x1,mul,mul,x1,x1,x1,mul,mul,x1,x1,x1,x1,x1,x1,x1,x1,x1,x1,x1,x1,x1,x1,x1,x1,x1,x1,x1,x1,x1",0.17057573143090446,0.17057573143090446,False
0.7077031399728345,0,1,[x1*(x1**2*log((2*x1 + exp(x1*(-x1*(-x1 + log((x1 + exp(x1*(-x1 + 1/x1)))/x1**2)) + x1*(x1**2 + x1)*cos(2*x1 + exp(x1**3 + exp(x1**2))) - x1)))/x1) + x1) + x1],"add,mul,add,mul,mul,log,div,add,add,exp,mul,sub,mul,cos,add,add,exp,add,exp,mul,x1,x1,mul,mul,x1,x1,x1,x1,x1,mul,add,mul,x1,x1,x1,x1,add,mul,sub,log,div,div,add,exp,mul,sub,div,x1,mul,x1,x1,x1,x1,x1,x1,x1,x1,x1,x1,x1,x1,x1,x1,x1,x1,x1,x1,x1",0.17058704846627584,0.17058704846627584,False
0.7077031399728345,0,1,[x1*(x1**2*log((2*x1 + exp(x1*(-x1*(-x1 + log((x1 + exp(x1*(-x1 + 1/x1)))/x1**2)) + x1*(x1**2 + x1)*cos(2*x1 + exp(x1**3 + exp(x1**2))) - x1)))/x1) + x1) + x1],"add,mul,add,mul,mul,log,div,add,add,exp,mul,sub,mul,cos,add,add,exp,add,exp,mul,x1,x1,mul,mul,x1,x1,x1,x1,x1,mul,add,mul,x1,x1,x1,x1,add,mul,sub,log,div,div,add,exp,mul,sub,div,x1,mul,x1,x1,x1,x1,x1,x1,x1,x1,x1,x1,x1,x1,x1,x1,x1,x1,x1,x1,x1",0.17058704846627584,0.17058704846627584,False
0.7077013356206044,0,1,[x1*(x1**2*log((2*x1 + exp(x1*(-x1*(-x1 + log((x1 + exp(x1*(-x1 + cos(x1 + log(x1 + exp(x1**2 + exp(2*exp(x1**2))))))) + cos(x1))/x1**3)) + x1*(x1**2 + x1)*cos(2*x1 + exp(x1**3 + exp(x1**2))) - x1)))/x1) + x1) + x1],"add,mul,add,mul,mul,log,div,add,add,exp,mul,sub,mul,cos,add,add,exp,add,exp,mul,x1,x1,mul,mul,x1,x1,x1,x1,x1,mul,add,mul,x1,x1,x1,x1,add,mul,sub,log,div,add,add,exp,mul,sub,cos,add,log,add,exp,add,exp,add,exp,mul,x1,x1,exp,mul,x1,x1,mul,x1,x1,x1,x1,x1,x1,x1,cos,x1,mul,mul,x1,x1,x1,x1,x1,x1,x1,x1,x1,x1,x1,x1,x1,x1,x1",0.1705900244126443,0.1705900244126443,False
0.7077013356206044,0,1,[x1*(x1**2*log((2*x1 + exp(x1*(-x1*(-x1 + log((x1 + exp(x1*(-x1 + cos(x1 + log(x1 + exp(x1**2 + exp(2*exp(x1**2))))))) + cos(x1))/x1**3)) + x1*(x1**2 + x1)*cos(2*x1 + exp(x1**3 + exp(x1**2))) - x1)))/x1) + x1) + x1],"add,mul,add,mul,mul,log,div,add,add,exp,mul,sub,mul,cos,add,add,exp,add,exp,mul,x1,x1,mul,mul,x1,x1,x1,x1,x1,mul,add,mul,x1,x1,x1,x1,add,mul,sub,log,div,add,add,exp,mul,sub,cos,add,log,add,exp,add,exp,add,exp,mul,x1,x1,exp,mul,x1,x1,mul,x1,x1,x1,x1,x1,x1,x1,cos,x1,mul,mul,x1,x1,x1,x1,x1,x1,x1,x1,x1,x1,x1,x1,x1,x1,x1",0.1705900244126443,0.1705900244126443,False
0.7076893061390501,0,1,[x1*(x1**2*log((x1*exp(x1**2*(x1*(x1*exp(x1*(-x1*(-x1 + log((2*x1 + exp(x1*exp(-x1 + cos(x1 - log(x1 + exp(x1**2 + exp(x1**3 + exp(x1**2))))))))/x1)) + x1*(x1**2 + x1)*cos(2*x1 + exp(x1**3 + exp(x1**2))) - x1)) + x1)*cos(2*x1 + exp(x1**3 + exp(x1**2))) - x1)) + 2*x1)/x1) + x1) + x1],"add,mul,add,mul,mul,log,div,add,add,mul,exp,mul,sub,mul,cos,add,add,exp,add,exp,mul,x1,x1,mul,mul,x1,x1,x1,x1,x1,mul,add,mul,x1,exp,mul,sub,mul,cos,add,add,exp,add,exp,mul,x1,x1,mul,mul,x1,x1,x1,x1,x1,mul,add,mul,x1,x1,x1,x1,add,mul,sub,log,div,add,add,exp,mul,exp,sub,cos,sub,log,add,exp,add,exp,add,exp,mul,x1,x1,mul,mul,x1,x1,x1,mul,x1,x1,x1,x1,x1,x1,x1,x1,x1,x1,x1,x1,x1,x1,x1,x1,mul,add,mul,mul,log,div,add,add,exp,mul,sub,mul,cos,add,add,exp,exp,mul,x1,x1,x1,x1,mul,add,mul,x1,x1,x1,x1,x1,x1,x1,x1,x1,x1,sub,x1,x1,x1,x1,x1,x1,x1,x1,x1,x1,x1,x1,x1",0.1706098658760948,0.1706098658760948,False
0.7076893061390501,0,1,[x1*(x1**2*log((x1*exp(x1**2*(x1*(x1*exp(x1*(-x1*(-x1 + log((2*x1 + exp(x1*exp(-x1 + cos(x1 - log(x1 + exp(x1**2 + exp(x1**3 + exp(x1**2))))))))/x1)) + x1*(x1**2 + x1)*cos(2*x1 + exp(x1**3 + exp(x1**2))) - x1)) + x1)*cos(2*x1 + exp(x1**3 + exp(x1**2))) - x1)) + 2*x1)/x1) + x1) + x1],"add,mul,add,mul,mul,log,div,add,add,mul,exp,mul,sub,mul,cos,add,add,exp,add,exp,mul,x1,x1,mul,mul,x1,x1,x1,x1,x1,mul,add,mul,x1,exp,mul,sub,mul,cos,add,add,exp,add,exp,mul,x1,x1,mul,mul,x1,x1,x1,x1,x1,mul,add,mul,x1,x1,x1,x1,add,mul,sub,log,div,add,add,exp,mul,exp,sub,cos,sub,log,add,exp,add,exp,add,exp,mul,x1,x1,mul,mul,x1,x1,x1,mul,x1,x1,x1,x1,x1,x1,x1,x1,x1,x1,x1,x1,x1,x1,x1,x1,mul,add,mul,mul,log,div,add,add,exp,mul,sub,mul,cos,add,add,exp,exp,mul,x1,x1,x1,x1,mul,add,mul,x1,x1,x1,x1,x1,x1,x1,x1,x1,x1,sub,x1,x1,x1,x1,x1,x1,x1,x1,x1,x1,x1,x1,x1",0.1706098658760948,0.1706098658760948,False
0.7076534870425925,0,1,[x1*(x1**2*log((x1*exp(x1**2*(x1*(x1*exp(x1*(-x1**2*(-x1 + log((2*x1 + exp(x1))/x1))*cos(x1) + x1*(x1**2 + x1)*cos(2*x1 + exp(x1**3 + exp(x1**2))) - x1)) + x1)*cos(2*x1 + exp(x1**3 + exp(x1**2))) - x1)) + 2*x1)/x1) + x1) + x1],"add,mul,add,mul,mul,log,div,add,add,mul,exp,mul,sub,mul,cos,add,add,exp,add,exp,mul,x1,x1,mul,mul,x1,x1,x1,x1,x1,mul,add,mul,x1,exp,mul,sub,mul,cos,add,add,exp,add,exp,mul,x1,x1,mul,mul,x1,x1,x1,x1,x1,mul,add,mul,x1,x1,x1,x1,add,mul,sub,log,div,add,add,exp,x1,x1,x1,x1,x1,mul,cos,x1,mul,x1,x1,x1,x1,x1,x1,x1,mul,add,mul,mul,log,div,add,add,exp,mul,sub,mul,cos,add,add,exp,exp,mul,x1,x1,x1,x1,mul,add,mul,x1,x1,x1,x1,x1,x1,x1,x1,x1,x1,sub,x1,x1,x1,x1,x1,x1,x1,x1,x1,x1,x1,x1,x1",0.17066895683105215,0.17066895683105215,False
0.7076534870425925,0,1,[x1*(x1**2*log((x1*exp(x1**2*(x1*(x1*exp(x1*(-x1**2*(-x1 + log((2*x1 + exp(x1))/x1))*cos(x1) + x1*(x1**2 + x1)*cos(2*x1 + exp(x1**3 + exp(x1**2))) - x1)) + x1)*cos(2*x1 + exp(x1**3 + exp(x1**2))) - x1)) + 2*x1)/x1) + x1) + x1],"add,mul,add,mul,mul,log,div,add,add,mul,exp,mul,sub,mul,cos,add,add,exp,add,exp,mul,x1,x1,mul,mul,x1,x1,x1,x1,x1,mul,add,mul,x1,exp,mul,sub,mul,cos,add,add,exp,add,exp,mul,x1,x1,mul,mul,x1,x1,x1,x1,x1,mul,add,mul,x1,x1,x1,x1,add,mul,sub,log,div,add,add,exp,x1,x1,x1,x1,x1,mul,cos,x1,mul,x1,x1,x1,x1,x1,x1,x1,mul,add,mul,mul,log,div,add,add,exp,mul,sub,mul,cos,add,add,exp,exp,mul,x1,x1,x1,x1,mul,add,mul,x1,x1,x1,x1,x1,x1,x1,x1,x1,x1,sub,x1,x1,x1,x1,x1,x1,x1,x1,x1,x1,x1,x1,x1",0.17066895683105215,0.17066895683105215,False
0.7076291366477484,0,1,[x1*(x1**2*log((2*x1 + exp(x1*(-x1*(-x1 + log((x1 + exp(x1*(-x1 + cos(x1 + log(x1 + exp(x1**2 + exp(2*exp(x1**2))))))) + cos(x1))/x1**2)) + x1*(x1**2 + x1)*cos(2*x1 + exp(x1**3 + exp(x1**2))) - x1)))/x1) + x1) + x1],"add,mul,add,mul,mul,log,div,add,add,exp,mul,sub,mul,cos,add,add,exp,add,exp,mul,x1,x1,mul,mul,x1,x1,x1,x1,x1,mul,add,mul,x1,x1,x1,x1,add,mul,sub,log,div,add,add,exp,mul,sub,cos,add,log,add,exp,add,exp,add,exp,mul,x1,x1,exp,mul,x1,x1,mul,x1,x1,x1,x1,x1,x1,x1,cos,x1,div,mul,mul,x1,x1,x1,x1,x1,x1,x1,x1,x1,x1,x1,x1,x1,x1,x1,x1",0.17070913706597843,0.17070913706597843,False
0.7076291366477484,0,1,[x1*(x1**2*log((2*x1 + exp(x1*(-x1*(-x1 + log((x1 + exp(x1*(-x1 + cos(x1 + log(x1 + exp(x1**2 + exp(2*exp(x1**2))))))) + cos(x1))/x1**2)) + x1*(x1**2 + x1)*cos(2*x1 + exp(x1**3 + exp(x1**2))) - x1)))/x1) + x1) + x1],"add,mul,add,mul,mul,log,div,add,add,exp,mul,sub,mul,cos,add,add,exp,add,exp,mul,x1,x1,mul,mul,x1,x1,x1,x1,x1,mul,add,mul,x1,x1,x1,x1,add,mul,sub,log,div,add,add,exp,mul,sub,cos,add,log,add,exp,add,exp,add,exp,mul,x1,x1,exp,mul,x1,x1,mul,x1,x1,x1,x1,x1,x1,x1,cos,x1,div,mul,mul,x1,x1,x1,x1,x1,x1,x1,x1,x1,x1,x1,x1,x1,x1,x1,x1",0.17070913706597843,0.17070913706597843,False
